Protein,Localization
A1BG,Cytosol
AAAS,Secretory
AACS,Cytosol
AAGAB,Cytosol
AAK1,Cytosol
AAMP,Cytosol
AARS2,Mitochondria
AARSD1,Cytosol
AASDHPPT,Cytosol
AASS,Mitochondria
AATF,Nuclear
ABAT,Mitochondria
ABCB10,Mitochondria
ABCB7,Mitochondria
ABCB8,Mitochondria
ABCC1,Secretory
ABCD1,Secretory
ABCD3,Secretory
ABCE1,Cytosol
ABCF1,Cytosol
ABCF3,Cytosol
ABHD10,Mitochondria
ABHD11,Mitochondria
ABHD12,Secretory
ABHD14B,Cytosol
ABHD5,Secretory
ABI1,Cytosol
ABI2,Cytosol
ABL1,Cytosol
ABR,Cytosol
ABT1,Nuclear
ACAA1,Secretory
ACAA2,Mitochondria
ACACA,Cytosol
ACACB,Nuclear
ACAD10,Mitochondria
ACAD8,Mitochondria
ACAD9,Mitochondria
ACADM,Mitochondria
ACADS,Mitochondria
ACADSB,Mitochondria
ACADVL,Mitochondria
ACAP2,Cytosol
ACAT1,Mitochondria
ACAT2,Cytosol
ACBD3,Cytosol
ACBD5,Secretory
ACBD6,Cytosol
ACIN1,Nuclear
ACLY,Cytosol
ACO1,Cytosol
ACO2,Mitochondria
ACOT1,Nuclear
ACOT11,Cytosol
ACOT4,Cytosol
ACOT7,Cytosol
ACOT8,Secretory
ACOT9,Mitochondria
ACOX1,Secretory
ACOX3,Secretory
ACP1,Cytosol
ACP2,Secretory
ACSF2,Mitochondria
ACSF3,Mitochondria
ACSL1,Secretory
ACSL3,Secretory
ACSL4,Secretory
ACSS1,Mitochondria
ACSS2,Cytosol
ACSS3,Mitochondria
ACTB,Cytosol
ACTG1,Cytosol
ACTL6A,Cytosol
ACTN4,Nuclear
ACTR10,Cytosol
ACTR1A,Cytosol
ACTR1B,Cytosol
ACTR2,Cytosol
ACTR3,Cytosol
ACTR3B,Cytosol
ACTR5,Nuclear
ACTR6,Nuclear
ACTR8,Nuclear
ACY1,Cytosol
ACYP1,Cytosol
ACYP2,Cytosol
ADA,Cytosol
ADAM10,Secretory
ADAM17,Secretory
ADAP1,Cytosol
ADAR,Nuclear
ADARB1,Nuclear
ADD1,Cytosol
ADD3,Cytosol
ADH5,Cytosol
ADI1,Cytosol
ADK,Cytosol
ADNP,Nuclear
ADO,Cytosol
ADPGK,Secretory
ADRM1,Cytosol
ADSL,Cytosol
AFAP1,Nuclear
AFAP1L2,Cytosol
AFF4,Nuclear
AFG3L2,Mitochondria
AFTPH,Cytosol
AGA,Secretory
AGAP1,Cytosol
AGAP3,Cytosol
AGFG1,Cytosol
AGFG2,Cytosol
AGK,Mitochondria
AGL,Cytosol
AGPAT3,Secretory
AGPAT5,Mitochondria
AGR2,Secretory
AGRN,Secretory
AGT,Cytosol
AGTRAP,Secretory
AHCTF1,Nuclear
AHCY,Cytosol
AHCYL1,Cytosol
AHCYL2,Cytosol
AHDC1,Nuclear
AHNAK,Nuclear
AHNAK2,Nuclear
AHR,Cytosol
AHSA1,Cytosol
AIDA,Cytosol
AIF1L,Cytosol
AIFM1,Mitochondria
AIFM2,Secretory
AIMP1,Cytosol
AIMP2,Cytosol
AIP,Cytosol
AK1,Cytosol
AK2,Nuclear
AK3,Mitochondria
AKAP1,Mitochondria
AKAP10,Cytosol
AKAP11,Secretory
AKAP12,Cytosol
AKAP13,Cytosol
AKAP8,Nuclear
AKAP8L,Nuclear
AKAP9,Cytosol
AKR1A1,Cytosol
AKR1C2,Cytosol
AKR1C3,Cytosol
AKR7A2,Cytosol
AKT1,Cytosol
AKT1S1,Cytosol
AKT2,Cytosol
AKTIP,Cytosol
ALAD,Cytosol
ALB,Cytosol
ALCAM,Secretory
ALDH16A1,Cytosol
ALDH18A1,Mitochondria
ALDH1A3,Cytosol
ALDH1B1,Mitochondria
ALDH3A2,Secretory
ALDH4A1,Mitochondria
ALDH5A1,Mitochondria
ALDH6A1,Mitochondria
ALDH7A1,Cytosol
ALDH9A1,Cytosol
ALDOA,Cytosol
ALDOC,Cytosol
ALG1,Secretory
ALG13,Cytosol
ALG2,Secretory
ALG5,Secretory
ALKBH4,Cytosol
ALKBH5,Nuclear
ALS2,Cytosol
AMDHD2,Cytosol
AMOT,Nuclear
AMPD2,Cytosol
AMPD3,Cytosol
ANAPC10,Nuclear
ANAPC16,Cytosol
ANAPC2,Cytosol
ANAPC4,Cytosol
ANAPC5,Cytosol
ANGEL2,Nuclear
ANK2,Cytosol
ANK3,Cytosol
ANKFY1,Cytosol
ANKHD1,Cytosol
ANKIB1,Secretory
ANKLE2,Secretory
ANKMY2,Cytosol
ANKRA2,Cytosol
ANKRD13A,Cytosol
ANKRD13D,Cytosol
ANKRD16,Cytosol
ANKRD17,Cytosol
ANKRD26,Cytosol
ANKRD27,Secretory
ANKRD28,Cytosol
ANKRD44,Cytosol
ANKRD50,Cytosol
ANKRD52,Cytosol
ANKRD54,Cytosol
ANKS1A,Cytosol
ANKZF1,Cytosol
ANLN,Nuclear
ANO10,Secretory
ANO6,Secretory
ANP32A,Nuclear
ANP32B,Nuclear
ANTXR1,Secretory
ANXA1,Cytosol
ANXA11,Cytosol
ANXA2,Cytosol
ANXA3,Cytosol
ANXA4,Cytosol
ANXA5,Cytosol
ANXA6,Cytosol
ANXA7,Cytosol
AP1B1,Cytosol
AP1G1,Cytosol
AP1G2,Cytosol
AP1M1,Cytosol
AP1M2,Cytosol
AP1S1,Cytosol
AP1S2,Cytosol
AP2A1,Secretory
AP2A2,Secretory
AP2B1,Secretory
AP2M1,Secretory
AP2S1,Secretory
AP3B1,Cytosol
AP3D1,Cytosol
AP3M1,Cytosol
AP3M2,Cytosol
AP3S1,Cytosol
AP3S2,Cytosol
APAF1,Cytosol
APBB2,Cytosol
APEH,Cytosol
APEX1,Nuclear
API5,Nuclear
APIP,Cytosol
APLP2,Secretory
APOC1,Secretory
APOD,Secretory
APOL2,Secretory
APOM,Secretory
APOO,Mitochondria
APOOL,Mitochondria
APP,Secretory
APPL1,Cytosol
APPL2,Cytosol
APRT,Cytosol
APTX,Nuclear
AQR,Nuclear
AR,Cytosol
ARAF,Cytosol
ARAP1,Cytosol
ARCN1,Cytosol
ARF4,Cytosol
ARF5,Cytosol
ARF6,Secretory
ARFGAP1,Cytosol
ARFGAP2,Cytosol
ARFGAP3,Cytosol
ARFGEF1,Cytosol
ARFGEF2,Cytosol
ARFIP1,Cytosol
ARFIP2,Cytosol
ARFRP1,Secretory
ARGLU1,Nuclear
ARHGAP1,Cytosol
ARHGAP10,Cytosol
ARHGAP12,Cytosol
ARHGAP17,Cytosol
ARHGAP18,Cytosol
ARHGAP21,Secretory
ARHGAP29,Cytosol
ARHGAP32,Secretory
ARHGAP5,Cytosol
ARHGDIA,Cytosol
ARHGDIB,Cytosol
ARHGEF1,Cytosol
ARHGEF10,Cytosol
ARHGEF10L,Cytosol
ARHGEF11,Cytosol
ARHGEF12,Cytosol
ARHGEF16,Cytosol
ARHGEF17,Secretory
ARHGEF2,Cytosol
ARHGEF35,Cytosol
ARHGEF37,Cytosol
ARHGEF5,Cytosol
ARHGEF7,Cytosol
ARID1A,Nuclear
ARID1B,Nuclear
ARID2,Nuclear
ARID4A,Nuclear
ARID4B,Nuclear
ARIH1,Cytosol
ARIH2,Cytosol
ARL1,Secretory
ARL2,Cytosol
ARL2BP,Cytosol
ARL3,Cytosol
ARL4A,Secretory
ARL4C,Secretory
ARL6,Cytosol
ARL6IP4,Nuclear
ARL6IP5,Secretory
ARL8A,Secretory
ARL8B,Secretory
ARMC1,Mitochondria
ARMC10,Mitochondria
ARMC6,Cytosol
ARMC8,Cytosol
ARMC9,Cytosol
ARMCX2,Mitochondria
ARMCX3,Mitochondria
ARNT,Nuclear
ARPC1A,Cytosol
ARPC1B,Cytosol
ARPC2,Cytosol
ARPC3,Cytosol
ARPC5,Cytosol
ARPC5L,Cytosol
ARPP19,Cytosol
ARRB1,Cytosol
ARRB2,Cytosol
ARSA,Nuclear
ARVCF,Secretory
AS3MT,Cytosol
ASAH1,Secretory
ASAP1,Cytosol
ASAP2,Cytosol
ASAP3,Cytosol
ASB7,Nuclear
ASCC1,Cytosol
ASCC2,Cytosol
ASCC3,Cytosol
ASF1A,Nuclear
ASH2L,Nuclear
ASL,Cytosol
ASMTL,Cytosol
ASNS,Cytosol
ASPH,Secretory
ASPM,Secretory
ASPSCR1,Cytosol
ASRGL1,Cytosol
ASS1,Cytosol
ASXL2,Nuclear
ATAD1,Mitochondria
ATAD2,Nuclear
ATAD2B,Nuclear
ATAD3A,Mitochondria
ATAD3B,Mitochondria
ATE1,Cytosol
ATF1,Nuclear
ATF2,Nuclear
ATF7,Nuclear
ATF7IP,Nuclear
ATG12,Cytosol
ATG16L1,Cytosol
ATG2A,Cytosol
ATG2B,Cytosol
ATG3,Cytosol
ATG4B,Cytosol
ATG5,Cytosol
ATG7,Cytosol
ATIC,Cytosol
ATL2,Secretory
ATL3,Secretory
ATM,Nuclear
ATOX1,Cytosol
ATP13A1,Secretory
ATP1A1,Secretory
ATP1A3,Secretory
ATP1B1,Secretory
ATP1B3,Secretory
ATP2A2,Secretory
ATP2A3,Secretory
ATP2B1,Secretory
ATP2B4,Secretory
ATP2C1,Secretory
ATP6AP1,Secretory
ATP6AP2,Secretory
ATP6V0A1,Secretory
ATP6V0D1,Secretory
ATP6V1A,Cytosol
ATP6V1B1,Cytosol
ATP6V1B2,Cytosol
ATP6V1C1,Cytosol
ATP6V1D,Cytosol
ATP6V1E1,Cytosol
ATP6V1F,Secretory
ATP6V1G1,Cytosol
ATP6V1H,Cytosol
ATPAF1,Mitochondria
ATPAF2,Mitochondria
ATRN,Secretory
ATRX,Nuclear
ATXN1,Nuclear
ATXN10,Cytosol
ATXN1L,Nuclear
ATXN2,Cytosol
ATXN2L,Cytosol
ATXN3,Cytosol
ATXN7L3B,Cytosol
AUP1,Secretory
AVEN,Cytosol
AVL9,Cytosol
AZGP1,Cytosol
B2M,Secretory
B4GALT1,Secretory
BACH1,Cytosol
BAG1,Cytosol
BAG3,Cytosol
BAG4,Cytosol
BAG5,Cytosol
BAIAP2,Secretory
BAIAP2L1,Cytosol
BASP1,Secretory
BAX,Cytosol
BAZ1A,Nuclear
BAZ1B,Nuclear
BBX,Nuclear
BCAM,Secretory
BCAP31,Secretory
BCAR1,Cytosol
BCAS1,Cytosol
BCAS2,Nuclear
BCAS3,Cytosol
BCAT2,Mitochondria
BCCIP,Nuclear
BCKDHB,Mitochondria
BCKDK,Mitochondria
BCL10,Cytosol
BCL2L13,Mitochondria
BCL3,Cytosol
BCL7A,Nuclear
BCL7B,Nuclear
BCL9L,Nuclear
BCLAF1,Nuclear
BCR,Cytosol
BCS1L,Mitochondria
BDH1,Mitochondria
BDH2,Cytosol
BECN1,Cytosol
BICD1,Cytosol
BICD2,Cytosol
BID,Cytosol
BIN1,Cytosol
BIN3,Cytosol
BIRC2,Cytosol
BIRC6,Cytosol
BLM,Nuclear
BLMH,Cytosol
BLOC1S1,Secretory
BLOC1S2,Cytosol
BLOC1S3,Cytosol
BLVRA,Cytosol
BLVRB,Cytosol
BMP1,Secretory
BMS1,Nuclear
BNIP2,Cytosol
BOD1,Cytosol
BOLA1,Cytosol
BOP1,Nuclear
BPGM,Cytosol
BPHL,Mitochondria
BPNT1,Cytosol
BPTF,Nuclear
BRAF,Cytosol
BRAP,Cytosol
BRCC3,Cytosol
BRD1,Nuclear
BRD2,Nuclear
BRD3,Nuclear
BRD4,Nuclear
BRD7,Nuclear
BRD8,Nuclear
BRD9,Nuclear
BRIX1,Nuclear
BRMS1L,Nuclear
BRPF1,Nuclear
BRPF3,Nuclear
BSDC1,Cytosol
BSG,Secretory
BSPRY,Secretory
BST2,Secretory
BTAF1,Nuclear
BTF3,Cytosol
BTF3L4,Cytosol
BUB3,Nuclear
BUD13,Nuclear
BUD31,Nuclear
BYSL,Nuclear
BZW1,Cytosol
BZW2,Cytosol
C11orf54,Cytosol
C11orf58,Nuclear
C11orf68,Cytosol
C12orf29,Cytosol
C12orf4,Cytosol
C12orf43,Nuclear
C12orf57,Cytosol
C15orf40,Cytosol
C15orf48,Secretory
C17orf49,Nuclear
C17orf75,Cytosol
C18orf25,Nuclear
C19orf25,Secretory
C19orf47,Nuclear
C1orf116,Cytosol
C1orf122,Cytosol
C1orf198,Cytosol
C1orf226,Mitochondria
C1orf35,Nuclear
C1orf50,Cytosol
C1QB,Cytosol
C1QBP,Mitochondria
C1R,Cytosol
C1S,Cytosol
C20orf27,Cytosol
C2orf49,Nuclear
C3,Cytosol
C3orf38,Cytosol
C5,Cytosol
C5orf22,Nuclear
C5orf24,Nuclear
C7,Cytosol
C7orf25,Cytosol
C9orf64,Cytosol
C9orf78,Nuclear
CA12,Secretory
CA2,Cytosol
CA8,Cytosol
CAB39,Cytosol
CAB39L,Cytosol
CACYBP,Cytosol
CAD,Cytosol
CADM1,Secretory
CADPS2,Cytosol
CALCOCO1,Cytosol
CALCOCO2,Cytosol
CALML5,Cytosol
CALR,Nuclear
CALU,Nuclear
CAMK1,Cytosol
CAMK1D,Cytosol
CAMK2B,Cytosol
CAMK2D,Cytosol
CAMK2G,Cytosol
CAMKK2,Cytosol
CAMSAP1,Cytosol
CAND1,Cytosol
CAND2,Cytosol
CANT1,Secretory
CANX,Secretory
CAP1,Cytosol
CAP2,Cytosol
CAPG,Cytosol
CAPN1,Cytosol
CAPN2,Cytosol
CAPN7,Cytosol
CAPNS1,Cytosol
CAPRIN1,Nuclear
CAPS,Cytosol
CAPZA1,Cytosol
CAPZA2,Cytosol
CAPZB,Cytosol
CARD8,Cytosol
CARHSP1,Cytosol
CARM1,Cytosol
CARS2,Mitochondria
CASC3,Nuclear
CASKIN2,Cytosol
CASP2,Cytosol
CASP6,Cytosol
CASP7,Cytosol
CASP8,Cytosol
CASP9,Cytosol
CAST,Cytosol
CASZ1,Nuclear
CAT,Secretory
CAV1,Secretory
CBFB,Cytosol
CBL,Cytosol
CBLB,Cytosol
CBLL1,Nuclear
CBR1,Cytosol
CBR3,Cytosol
CBR4,Mitochondria
CBS,Cytosol
CBWD2,Cytosol
CBX1,Nuclear
CBX3,Nuclear
CBX4,Nuclear
CBX5,Nuclear
CBX8,Nuclear
CC2D1A,Cytosol
CC2D1B,Cytosol
CCAR1,Nuclear
CCDC102A,Cytosol
CCDC115,Secretory
CCDC12,Nuclear
CCDC124,Cytosol
CCDC127,Mitochondria
CCDC134,Secretory
CCDC22,Cytosol
CCDC25,Cytosol
CCDC28A,Cytosol
CCDC43,Cytosol
CCDC47,Secretory
CCDC50,Cytosol
CCDC51,Mitochondria
CCDC57,Cytosol
CCDC6,Cytosol
CCDC86,Nuclear
CCDC88C,Cytosol
CCDC90B,Mitochondria
CCDC91,Cytosol
CCDC92,Cytosol
CCDC93,Cytosol
CCDC97,Cytosol
CCM2,Cytosol
CCNC,Nuclear
CCNH,Nuclear
CCNK,Nuclear
CCNT1,Nuclear
CCNT2,Nuclear
CCS,Cytosol
CCT2,Cytosol
CCT3,Cytosol
CCT4,Cytosol
CCT5,Cytosol
CCT6A,Cytosol
CCT6B,Cytosol
CCT7,Cytosol
CCT8,Cytosol
CD109,Secretory
CD276,Secretory
CD2AP,Cytosol
CD2BP2,Nuclear
CD36,Secretory
CD44,Secretory
CD46,Secretory
CD47,Secretory
CD55,Secretory
CD59,Secretory
CD63,Secretory
CD81,Secretory
CD9,Secretory
CD99,Secretory
CDC123,Cytosol
CDC16,Cytosol
CDC26,Cytosol
CDC27,Nuclear
CDC37,Cytosol
CDC37L1,Cytosol
CDC40,Nuclear
CDC42,Cytosol
CDC42BPA,Cytosol
CDC42BPB,Cytosol
CDC42BPG,Cytosol
CDC42EP1,Secretory
CDC42EP4,Cytosol
CDC73,Nuclear
CDH1,Secretory
CDK1,Cytosol
CDK11A,Nuclear
CDK11B,Nuclear
CDK12,Nuclear
CDK13,Nuclear
CDK16,Cytosol
CDK18,Cytosol
CDK2,Cytosol
CDK2AP1,Nuclear
CDK4,Cytosol
CDK5,Cytosol
CDK5RAP2,Cytosol
CDK5RAP3,Secretory
CDK6,Cytosol
CDK7,Nuclear
CDK9,Nuclear
CDKN1B,Nuclear
CDKN2AIP,Nuclear
CDKN2AIPNL,Nuclear
CDKN2C,Cytosol
CDV3,Cytosol
CDYL,Nuclear
CEBPB,Nuclear
CEBPZ,Nuclear
CELF1,Nuclear
CELSR1,Secretory
CENPB,Nuclear
CENPE,Cytosol
CENPF,Nuclear
CENPI,Nuclear
CENPV,Nuclear
CEP170,Cytosol
CEP192,Cytosol
CEP250,Cytosol
CEP350,Secretory
CEP97,Cytosol
CES2,Secretory
CETN2,Cytosol
CETN3,Cytosol
CFD,Cytosol
CFDP1,Nuclear
CFH,Cytosol
CFI,Cytosol
CFL1,Cytosol
CFL2,Cytosol
CGGBP1,Nuclear
CGN,Cytosol
CGNL1,Cytosol
CHAF1A,Nuclear
CHCHD1,Mitochondria
CHCHD2,Nuclear
CHCHD3,Mitochondria
CHCHD4,Mitochondria
CHCHD5,Nuclear
CHCHD6,Mitochondria
CHD1,Nuclear
CHD2,Nuclear
CHD3,Nuclear
CHD4,Nuclear
CHD6,Nuclear
CHD7,Nuclear
CHD8,Nuclear
CHDH,Mitochondria
CHEK2,Nuclear
CHERP,Nuclear
CHID1,Secretory
CHKA,Cytosol
CHKB,Cytosol
CHM,Cytosol
CHML,Cytosol
CHMP1A,Cytosol
CHMP1B,Cytosol
CHMP2A,Cytosol
CHMP2B,Cytosol
CHMP4A,Cytosol
CHMP4B,Cytosol
CHMP4C,Cytosol
CHMP5,Cytosol
CHMP6,Secretory
CHMP7,Cytosol
CHORDC1,Cytosol
CHTF18,Nuclear
CHUK,Cytosol
CIAO1,Cytosol
CIAPIN1,Cytosol
CIB1,Secretory
CIC,Nuclear
CINP,Cytosol
CIRBP,Nuclear
CISD1,Mitochondria
CISD2,Secretory
CIT,Cytosol
CIZ1,Nuclear
CKAP4,Secretory
CKAP5,Cytosol
CKB,Cytosol
CLASP1,Cytosol
CLASP2,Cytosol
CLCC1,Secretory
CLEC16A,Cytosol
CLEC3B,Cytosol
CLGN,Secretory
CLIC1,Cytosol
CLIC3,Cytosol
CLIC4,Cytosol
CLIC6,Cytosol
CLINT1,Secretory
CLIP1,Cytosol
CLIP2,Cytosol
CLMN,Secretory
CLN5,Secretory
CLNS1A,Cytosol
CLP1,Nuclear
CLPB,Mitochondria
CLPP,Mitochondria
CLPX,Mitochondria
CLSTN1,Secretory
CLSTN2,Secretory
CLTA,Cytosol
CLTB,Cytosol
CLTC,Cytosol
CLU,Secretory
CMAS,Nuclear
CMBL,Cytosol
CMC1,Nuclear
CMIP,Cytosol
CMPK1,Cytosol
CNBP,Cytosol
CNDP2,Cytosol
CNKSR1,Cytosol
CNN2,Cytosol
CNNM4,Secretory
CNOT4,Cytosol
CNP,Secretory
CNPY3,Nuclear
COASY,Cytosol
COBL,Secretory
COBLL1,Cytosol
COG1,Cytosol
COG2,Cytosol
COG3,Cytosol
COG4,Cytosol
COG5,Cytosol
COG6,Cytosol
COG7,Cytosol
COG8,Cytosol
COIL,Nuclear
COL12A1,Secretory
COL18A1,Secretory
COL1A1,Cytosol
COL1A2,Cytosol
COL3A1,Cytosol
COL5A1,Secretory
COL6A1,Secretory
COL6A2,Secretory
COMMD1,Cytosol
COMMD10,Cytosol
COMMD2,Cytosol
COMMD3,Cytosol
COMMD4,Cytosol
COMMD5,Cytosol
COMMD6,Cytosol
COMMD7,Cytosol
COMMD8,Cytosol
COMMD9,Cytosol
COMP,Cytosol
COMT,Cytosol
COMTD1,Mitochondria
COPA,Cytosol
COPB1,Cytosol
COPB2,Cytosol
COPE,Cytosol
COPG2,Cytosol
COPS2,Cytosol
COPS3,Cytosol
COPS4,Cytosol
COPS5,Cytosol
COPS6,Cytosol
COPS7A,Cytosol
COPS7B,Cytosol
COPS8,Cytosol
COPZ1,Cytosol
COQ3,Secretory
COQ5,Secretory
COQ7,Secretory
CORO1A,Cytosol
CORO1B,Cytosol
CORO1C,Nuclear
CORO2A,Secretory
CORO7,Cytosol
COTL1,Cytosol
COX17,Nuclear
COX19,Nuclear
COX4I1,Mitochondria
COX5A,Mitochondria
COX5B,Mitochondria
COX6B1,Mitochondria
COX6C,Mitochondria
COX7A2,Mitochondria
COX7A2L,Mitochondria
COX7C,Mitochondria
CPD,Secretory
CPEB2,Cytosol
CPEB3,Cytosol
CPNE1,Cytosol
CPNE2,Cytosol
CPNE3,Cytosol
CPNE7,Cytosol
CPOX,Nuclear
CPPED1,Cytosol
CPS1,Mitochondria
CPSF1,Nuclear
CPSF4,Nuclear
CPSF6,Nuclear
CPSF7,Nuclear
CPT2,Mitochondria
CRABP2,Cytosol
CRADD,Cytosol
CRBN,Cytosol
CREB1,Nuclear
CREBBP,Nuclear
CREG1,Secretory
CRELD1,Secretory
CRELD2,Nuclear
CRIP2,Cytosol
CRIPT,Nuclear
CRISPLD2,Secretory
CRK,Cytosol
CRKL,Cytosol
CRLF3,Cytosol
CRNKL1,Nuclear
CROCC,Cytosol
CROT,Secretory
CRTAP,Secretory
CRTC1,Cytosol
CRTC2,Cytosol
CRTC3,Cytosol
CRYBG3,Cytosol
CRYL1,Cytosol
CRYZ,Cytosol
CRYZL1,Cytosol
CS,Mitochondria
CSAD,Cytosol
CSDE1,Cytosol
CSE1L,Cytosol
CSGALNACT1,Secretory
CSK,Cytosol
CSNK1A1,Secretory
CSNK1D,Nuclear
CSNK1E,Secretory
CSNK2A1,Cytosol
CSNK2A2,Cytosol
CSNK2B,Nuclear
CSRP1,Cytosol
CSRP2,Cytosol
CST3,Secretory
CSTA,Cytosol
CSTB,Cytosol
CSTF1,Nuclear
CSTF2,Nuclear
CSTF2T,Cytosol
CSTF3,Nuclear
CTBP1,Nuclear
CTBP2,Nuclear
CTBS,Nuclear
CTCF,Nuclear
CTDP1,Nuclear
CTDSPL2,Nuclear
CTH,Cytosol
CTNNA1,Secretory
CTNNB1,Secretory
CTNNBIP1,Cytosol
CTNNBL1,Nuclear
CTPS2,Cytosol
CTR9,Nuclear
CTSA,Secretory
CTSB,Nuclear
CTSD,Nuclear
CTSF,Secretory
CTTN,Cytosol
CTTNBP2NL,Cytosol
CTU2,Cytosol
CUEDC1,Cytosol
CUL1,Cytosol
CUL2,Cytosol
CUL3,Cytosol
CUL4A,Cytosol
CUL5,Cytosol
CUL7,Cytosol
CUL9,Cytosol
CUTA,Cytosol
CUTC,Nuclear
CUX1,Secretory
CWC15,Nuclear
CWC22,Nuclear
CWC27,Nuclear
CWF19L1,Nuclear
CWF19L2,Nuclear
CXorf38,Cytosol
CXXC1,Nuclear
CYB5A,Secretory
CYB5B,Secretory
CYB5R1,Mitochondria
CYB5R3,Secretory
CYC1,Mitochondria
CYCS,Nuclear
CYFIP1,Cytosol
CYFIP2,Cytosol
CYHR1,Nuclear
CYLD,Cytosol
CYP20A1,Secretory
CYTH1,Cytosol
CYTH2,Cytosol
CYTH3,Cytosol
D2HGDH,Mitochondria
DAB2IP,Cytosol
DAG1,Secretory
DAP,Cytosol
DAP3,Secretory
DAPK1,Nuclear
DAPK3,Cytosol
DARS2,Mitochondria
DAXX,Nuclear
DAZAP1,Nuclear
DBI,Cytosol
DBN1,Secretory
DBNL,Cytosol
DBR1,Nuclear
DBT,Mitochondria
DCAF10,Cytosol
DCAF11,Cytosol
DCAF13,Nuclear
DCAF5,Nuclear
DCAF6,Cytosol
DCAF7,Cytosol
DCK,Cytosol
DCLK1,Cytosol
DCP1B,Nuclear
DCPS,Nuclear
DCTD,Cytosol
DCTN2,Cytosol
DCTN3,Cytosol
DCTN4,Cytosol
DCTN5,Cytosol
DCTN6,Cytosol
DCTPP1,Cytosol
DCUN1D1,Cytosol
DCXR,Cytosol
DDA1,Nuclear
DDAH1,Cytosol
DDAH2,Cytosol
DDB2,Nuclear
DDHD2,Cytosol
DDI2,Cytosol
DDOST,Secretory
DDR1,Secretory
DDRGK1,Secretory
DDT,Cytosol
DDX10,Nuclear
DDX17,Nuclear
DDX18,Nuclear
DDX19A,Cytosol
DDX20,Nuclear
DDX21,Nuclear
DDX23,Nuclear
DDX24,Nuclear
DDX27,Nuclear
DDX28,Secretory
DDX31,Nuclear
DDX3X,Nuclear
DDX41,Nuclear
DDX42,Nuclear
DDX46,Nuclear
DDX47,Nuclear
DDX49,Nuclear
DDX5,Nuclear
DDX50,Nuclear
DDX51,Nuclear
DDX52,Nuclear
DDX54,Nuclear
DDX55,Nuclear
DDX56,Nuclear
DDX58,Cytosol
DDX59,Nuclear
DECR1,Mitochondria
DECR2,Secretory
DEF6,Cytosol
DEK,Nuclear
DENND1A,Cytosol
DENND1B,Cytosol
DENND2D,Secretory
DENND3,Cytosol
DENND4A,Cytosol
DENND4C,Cytosol
DENR,Cytosol
DERA,Cytosol
DFFA,Cytosol
DGCR8,Nuclear
DGKA,Cytosol
DGKQ,Cytosol
DGKZ,Cytosol
DHCR24,Secretory
DHFR,Cytosol
DHODH,Mitochondria
DHPS,Cytosol
DHRS1,Secretory
DHRS11,Cytosol
DHRS2,Mitochondria
DHRS3,Secretory
DHRS7,Secretory
DHRS7B,Secretory
DHTKD1,Mitochondria
DHX15,Nuclear
DHX16,Nuclear
DHX29,Cytosol
DHX30,Secretory
DHX32,Cytosol
DHX35,Nuclear
DHX36,Nuclear
DHX37,Nuclear
DHX38,Nuclear
DHX40,Nuclear
DHX57,Nuclear
DHX8,Nuclear
DIABLO,Nuclear
DIAPH1,Cytosol
DIAPH2,Cytosol
DICER1,Nuclear
DIDO1,Nuclear
DIP2A,Cytosol
DIP2B,Cytosol
DIP2C,Cytosol
DIS3,Nuclear
DIS3L2,Cytosol
DKC1,Nuclear
DLAT,Secretory
DLD,Mitochondria
DLG5,Secretory
DLGAP4,Cytosol
DLST,Secretory
DMAP1,Nuclear
DMXL1,Cytosol
DMXL2,Cytosol
DNAJA1,Cytosol
DNAJA2,Cytosol
DNAJA3,Mitochondria
DNAJA4,Cytosol
DNAJB1,Cytosol
DNAJB11,Secretory
DNAJB12,Secretory
DNAJB2,Cytosol
DNAJB4,Cytosol
DNAJB6,Secretory
DNAJC1,Secretory
DNAJC10,Secretory
DNAJC11,Mitochondria
DNAJC12,Cytosol
DNAJC13,Secretory
DNAJC17,Nuclear
DNAJC19,Mitochondria
DNAJC2,Cytosol
DNAJC21,Cytosol
DNAJC3,Secretory
DNAJC7,Cytosol
DNAJC8,Nuclear
DNAJC9,Nuclear
DNAL1,Cytosol
DNASE2,Nuclear
DNLZ,Mitochondria
DNM1,Cytosol
DNM1L,Cytosol
DNM2,Cytosol
DNMBP,Cytosol
DNMT1,Nuclear
DNMT3A,Nuclear
DNPEP,Cytosol
DNTTIP1,Nuclear
DNTTIP2,Nuclear
DOCK1,Cytosol
DOCK10,Secretory
DOCK11,Secretory
DOCK5,Cytosol
DOCK6,Secretory
DOCK7,Secretory
DOCK8,Secretory
DOCK9,Secretory
DOHH,Cytosol
DOK1,Cytosol
DPCD,Cytosol
DPF2,Nuclear
DPH1,Cytosol
DPH2,Cytosol
DPH5,Cytosol
DPM1,Secretory
DPP3,Cytosol
DPP8,Cytosol
DPP9,Cytosol
DPY30,Nuclear
DPYD,Cytosol
DPYSL2,Cytosol
DPYSL3,Cytosol
DR1,Nuclear
DRAP1,Nuclear
DRG1,Cytosol
DRG2,Cytosol
DSCC1,Nuclear
DSN1,Nuclear
DSP,Cytosol
DST,Cytosol
DSTN,Cytosol
DTNBP1,Cytosol
DTWD2,Cytosol
DTX3L,Cytosol
DTYMK,Cytosol
DUS1L,Nuclear
DUS3L,Nuclear
DUSP12,Cytosol
DUSP23,Cytosol
DUSP3,Cytosol
DUT,Cytosol
DVL2,Cytosol
DVL3,Cytosol
DYNC1H1,Cytosol
DYNC1I2,Cytosol
DYNC1LI1,Cytosol
DYNC1LI2,Cytosol
DYNC2H1,Cytosol
DYNLL1,Cytosol
DYNLL2,Cytosol
DYNLRB1,Cytosol
DYNLT1,Cytosol
DYNLT3,Cytosol
DYRK1A,Cytosol
E2F4,Cytosol
EAF1,Nuclear
EAPP,Nuclear
EARS2,Mitochondria
EBNA1BP2,Nuclear
ECD,Cytosol
ECE1,Secretory
ECH1,Mitochondria
ECHDC2,Nuclear
ECHS1,Mitochondria
ECM1,Cytosol
ECSIT,Mitochondria
ECT2,Secretory
EDC3,Cytosol
EDC4,Cytosol
EDEM3,Secretory
EDF1,Cytosol
EEA1,Nuclear
EED,Nuclear
EEF1A1,Cytosol
EEF1B2,Cytosol
EEF1D,Cytosol
EEF1G,Cytosol
EEF2,Cytosol
EEFSEC,Cytosol
EFHD1,Secretory
EFHD2,Cytosol
EFR3A,Secretory
EGFR,Secretory
EGLN1,Cytosol
EHBP1,Cytosol
EHD1,Cytosol
EHD2,Cytosol
EHD3,Cytosol
EHD4,Cytosol
EHHADH,Secretory
EHMT1,Nuclear
EHMT2,Nuclear
EIF1,Cytosol
EIF1AD,Cytosol
EIF2A,Cytosol
EIF2AK2,Nuclear
EIF2AK4,Cytosol
EIF2B1,Cytosol
EIF2B2,Cytosol
EIF2B3,Cytosol
EIF2B4,Cytosol
EIF2B5,Cytosol
EIF2S1,Cytosol
EIF2S2,Cytosol
EIF2S3,Cytosol
EIF3A,Nuclear
EIF3C,Nuclear
EIF3D,Cytosol
EIF3E,Cytosol
EIF3F,Nuclear
EIF3G,Cytosol
EIF3H,Cytosol
EIF3J,Cytosol
EIF3K,Cytosol
EIF3L,Nuclear
EIF3M,Cytosol
EIF4A1,Cytosol
EIF4A2,Cytosol
EIF4A3,Nuclear
EIF4B,Cytosol
EIF4E,Cytosol
EIF4E2,Cytosol
EIF4EBP1,Cytosol
EIF4EBP2,Cytosol
EIF4G1,Cytosol
EIF4G2,Cytosol
EIF4G3,Cytosol
EIF4H,Cytosol
EIF5,Cytosol
EIF5A,Cytosol
EIF5A2,Cytosol
EIF5B,Cytosol
EIF6,Cytosol
ELAC2,Nuclear
ELAVL1,Nuclear
ELF1,Nuclear
ELF2,Nuclear
ELF3,Nuclear
ELL,Nuclear
ELMO2,Cytosol
ELMO3,Cytosol
ELMOD2,Secretory
ELOF1,Nuclear
ELOVL5,Secretory
ELP2,Cytosol
ELP3,Cytosol
ELP4,Cytosol
EMD,Secretory
EML1,Cytosol
EML2,Cytosol
EML3,Cytosol
EML4,Cytosol
ENAH,Cytosol
ENDOD1,Secretory
ENDOG,Nuclear
ENGASE,Nuclear
ENO1,Cytosol
ENO2,Cytosol
ENO3,Cytosol
ENOPH1,Cytosol
ENOSF1,Cytosol
ENPP1,Secretory
ENPP4,Secretory
ENSA,Cytosol
ENY2,Cytosol
EP300,Nuclear
EP400,Nuclear
EPB41,Mitochondria
EPB41L2,Mitochondria
EPB41L5,Secretory
EPCAM,Secretory
EPHB3,Secretory
EPHB4,Secretory
EPHX1,Secretory
EPHX2,Cytosol
EPN1,Cytosol
EPN2,Mitochondria
EPN3,Mitochondria
EPPK1,Cytosol
EPS15,Cytosol
EPS15L1,Cytosol
EPS8,Cytosol
EPS8L1,Cytosol
EPS8L2,Cytosol
ERAL1,Mitochondria
ERBB2,Secretory
ERBB4,Secretory
ERC1,Cytosol
ERCC2,Nuclear
ERCC3,Nuclear
ERCC4,Nuclear
ERCC5,Nuclear
ERCC6,Nuclear
ERF,Cytosol
ERGIC1,Secretory
ERH,Nuclear
ERI1,Nuclear
ERI3,Cytosol
ERLEC1,Secretory
ERLIN1,Secretory
ERLIN2,Secretory
ERMP1,Secretory
ERP29,Nuclear
ERP44,Secretory
ESD,Cytosol
ESF1,Nuclear
ESRP1,Cytosol
ESRP2,Nuclear
ESYT1,Secretory
ESYT2,Secretory
ETF1,Cytosol
ETFA,Mitochondria
ETFB,Nuclear
ETFDH,Mitochondria
ETV6,Nuclear
EVI5L,Cytosol
EVL,Cytosol
EVPL,Cytosol
EWSR1,Nuclear
EXD2,Mitochondria
EXOC1,Cytosol
EXOC2,Cytosol
EXOC3,Cytosol
EXOC4,Cytosol
EXOC5,Cytosol
EXOC6,Cytosol
EXOC6B,Cytosol
EXOC7,Cytosol
EXOC8,Cytosol
EXOG,Mitochondria
EXOSC1,Nuclear
EXOSC10,Nuclear
EXOSC2,Nuclear
EXOSC3,Nuclear
EXOSC4,Nuclear
EXOSC5,Nuclear
EXOSC6,Nuclear
EXOSC7,Nuclear
EXOSC8,Nuclear
EXOSC9,Nuclear
EYA3,Nuclear
EZH2,Nuclear
EZR,Cytosol
F11R,Secretory
F13A1,Secretory
FAAH,Secretory
FABP5,Cytosol
FADD,Cytosol
FAF1,Cytosol
FAF2,Secretory
FAH,Cytosol
FAHD2A,Cytosol
FAIM,Cytosol
FAM102A,Cytosol
FAM102B,Cytosol
FAM107B,Cytosol
FAM111A,Nuclear
FAM111B,Nuclear
FAM114A1,Cytosol
FAM114A2,Cytosol
FAM120A,Nuclear
FAM120B,Cytosol
FAM120C,Nuclear
FAM136A,Nuclear
FAM162A,Mitochondria
FAM168A,Cytosol
FAM172A,Nuclear
FAM177A1,Secretory
FAM20B,Secretory
FAM3C,Secretory
FAM50A,Nuclear
FAM50B,Nuclear
FAM76B,Nuclear
FAM83F,Secretory
FAM83H,Mitochondria
FAM91A1,Cytosol
FAM98A,Nuclear
FAM98B,Nuclear
FAM98C,Cytosol
FANCI,Nuclear
FARP1,Secretory
FARS2,Mitochondria
FARSA,Nuclear
FASN,Cytosol
FASTKD2,Mitochondria
FASTKD5,Mitochondria
FAT1,Secretory
FBL,Nuclear
FBLIM1,Cytosol
FBLN1,Cytosol
FBP1,Cytosol
FBXL18,Cytosol
FBXL8,Cytosol
FBXO2,Cytosol
FBXO22,Nuclear
FBXO28,Nuclear
FBXO3,Cytosol
FBXO30,Cytosol
FBXO38,Nuclear
FBXO4,Cytosol
FBXO6,Cytosol
FBXO7,Cytosol
FBXW11,Cytosol
FBXW9,Cytosol
FCHO2,Cytosol
FCHSD2,Cytosol
FCN3,Cytosol
FDFT1,Secretory
FDPS,Cytosol
FDX1,Nuclear
FDXR,Mitochondria
FECH,Mitochondria
FEN1,Nuclear
FER,Cytosol
FERMT2,Cytosol
FERMT3,Nuclear
FEZ2,Cytosol
FGD3,Cytosol
FGD4,Cytosol
FGD6,Cytosol
FGGY,Cytosol
FH,Mitochondria
FHIT,Cytosol
FHL1,Cytosol
FHL2,Cytosol
FHL3,Cytosol
FHOD1,Cytosol
FIBP,Cytosol
FIG4,Cytosol
FILIP1L,Cytosol
FIP1L1,Nuclear
FIS1,Mitochondria
FKBP10,Secretory
FKBP11,Secretory
FKBP14,Nuclear
FKBP15,Cytosol
FKBP1A,Cytosol
FKBP2,Nuclear
FKBP3,Cytosol
FKBP4,Cytosol
FKBP5,Nuclear
FKBP7,Nuclear
FKBP8,Secretory
FLAD1,Cytosol
FLII,Cytosol
FLNA,Cytosol
FLNB,Cytosol
FLNC,Cytosol
FLOT1,Secretory
FLOT2,Secretory
FLT1,Secretory
FMN1,Cytosol
FMNL1,Secretory
FMNL2,Secretory
FMR1,Nuclear
FN1,Secretory
FN3K,Cytosol
FN3KRP,Cytosol
FNBP1,Cytosol
FNBP1L,Cytosol
FNBP4,Nuclear
FNDC3A,Secretory
FNDC3B,Secretory
FNTA,Cytosol
FOSL2,Nuclear
FOXA1,Nuclear
FOXJ3,Nuclear
FOXK1,Nuclear
FOXK2,Nuclear
FOXO3,Cytosol
FOXP1,Nuclear
FOXP4,Nuclear
FOXRED1,Mitochondria
FPGT,Cytosol
FRG1,Nuclear
FRK,Secretory
FRMD4A,Cytosol
FRMD8,Secretory
FRYL,Cytosol
FSCN1,Cytosol
FTH1,Nuclear
FTO,Nuclear
FTSJ1,Cytosol
FTSJ3,Nuclear
FUBP1,Nuclear
FUBP3,Nuclear
FUNDC2,Mitochondria
FUS,Nuclear
FUT11,Secretory
FXN,Mitochondria
FXR1,Nuclear
FXR2,Nuclear
FYCO1,Cytosol
FYN,Secretory
G3BP1,Nuclear
G3BP2,Nuclear
G6PD,Cytosol
GAA,Nuclear
GAB1,Cytosol
GAB2,Cytosol
GABARAP,Cytosol
GABARAPL1,Cytosol
GABARAPL2,Cytosol
GABPA,Nuclear
GABPB1,Nuclear
GADD45GIP1,Secretory
GAK,Cytosol
GALC,Secretory
GALE,Cytosol
GALK1,Cytosol
GALK2,Cytosol
GALM,Cytosol
GALNS,Nuclear
GALNT2,Secretory
GALNT3,Secretory
GALNT6,Secretory
GALNT7,Secretory
GALT,Cytosol
GAMT,Cytosol
GAN,Cytosol
GAPDH,Cytosol
GAPVD1,Cytosol
GAR1,Nuclear
GART,Cytosol
GAS6,Cytosol
GATA2,Nuclear
GATA3,Nuclear
GATAD1,Nuclear
GATAD2A,Nuclear
GATAD2B,Nuclear
GBA,Secretory
GBE1,Cytosol
GBF1,Cytosol
GBP2,Cytosol
GBP5,Secretory
GCA,Cytosol
GCAT,Mitochondria
GCC1,Nuclear
GCC2,Secretory
GCDH,Mitochondria
GCLC,Cytosol
GCLM,Cytosol
GDAP1,Mitochondria
GDAP2,Secretory
GDI1,Cytosol
GDI2,Cytosol
GEMIN5,Cytosol
GEMIN6,Nuclear
GET4,Cytosol
GFER,Cytosol
GFM1,Mitochondria
GFM2,Mitochondria
GFOD2,Cytosol
GFPT1,Cytosol
GFPT2,Cytosol
GFRA1,Secretory
GGA1,Cytosol
GGA2,Cytosol
GGA3,Cytosol
GGCT,Cytosol
GGPS1,Cytosol
GHDC,Secretory
GIGYF1,Cytosol
GIGYF2,Nuclear
GINS2,Nuclear
GIPC1,Cytosol
GIPC3,Cytosol
GIT1,Cytosol
GIT2,Cytosol
GLA,Nuclear
GLCCI1,Cytosol
GLE1,Nuclear
GLG1,Secretory
GLIPR2,Secretory
GLMN,Cytosol
GLO1,Cytosol
GLOD4,Cytosol
GLRX,Cytosol
GLRX3,Cytosol
GLS,Mitochondria
GLTP,Cytosol
GLUD1,Mitochondria
GLUL,Cytosol
GLYR1,Nuclear
GM2A,Secretory
GMDS,Cytosol
GMEB1,Nuclear
GMEB2,Nuclear
GMFB,Cytosol
GMFG,Cytosol
GMIP,Cytosol
GMPPA,Cytosol
GMPPB,Cytosol
GMPR,Cytosol
GMPR2,Cytosol
GMPS,Nuclear
GNA11,Secretory
GNA12,Secretory
GNA13,Secretory
GNA14,Secretory
GNAI1,Secretory
GNAI2,Secretory
GNAI3,Secretory
GNAO1,Secretory
GNAQ,Secretory
GNAS,Secretory
GNB1,Secretory
GNB1L,Cytosol
GNB2,Secretory
GNB4,Secretory
GNE,Cytosol
GNG10,Secretory
GNG12,Secretory
GNG5,Secretory
GNL1,Cytosol
GNL2,Nuclear
GNL3,Nuclear
GNL3L,Secretory
GNPDA1,Cytosol
GNPDA2,Cytosol
GNPNAT1,Cytosol
GNPTG,Secretory
GNS,Nuclear
GOLGA1,Secretory
GOLGA2,Secretory
GOLGA3,Cytosol
GOLGA4,Nuclear
GOLGA5,Secretory
GOLGB1,Secretory
GOLIM4,Secretory
GOLM1,Secretory
GOLPH3,Secretory
GOLPH3L,Cytosol
GOPC,Cytosol
GORAB,Nuclear
GORASP1,Secretory
GORASP2,Secretory
GOSR1,Secretory
GOT1,Cytosol
GPATCH1,Nuclear
GPATCH2,Cytosol
GPATCH4,Nuclear
GPATCH8,Nuclear
GPC1,Secretory
GPC4,Secretory
GPC6,Secretory
GPCPD1,Cytosol
GPD1L,Cytosol
GPD2,Mitochondria
GPHN,Cytosol
GPI,Cytosol
GPKOW,Nuclear
GPN1,Cytosol
GPS1,Cytosol
GPSM1,Cytosol
GPT2,Mitochondria
GPX4,Cytosol
GPX8,Secretory
GRB2,Cytosol
GRB7,Cytosol
GREB1,Cytosol
GRHL1,Nuclear
GRHL2,Nuclear
GRHPR,Cytosol
GRIPAP1,Cytosol
GRK6,Secretory
GRN,Secretory
GRPEL1,Mitochondria
GRSF1,Secretory
GRWD1,Nuclear
GSK3A,Cytosol
GSK3B,Cytosol
GSN,Cytosol
GSPT1,Cytosol
GSPT2,Cytosol
GSR,Cytosol
GSS,Cytosol
GSTCD,Cytosol
GSTK1,Secretory
GSTM3,Cytosol
GSTM4,Cytosol
GSTO1,Cytosol
GSTZ1,Cytosol
GTF2B,Nuclear
GTF2E1,Nuclear
GTF2E2,Nuclear
GTF2F1,Nuclear
GTF2F2,Nuclear
GTF2H1,Nuclear
GTF2H3,Nuclear
GTF2H4,Nuclear
GTF3C1,Nuclear
GTF3C2,Nuclear
GTF3C3,Nuclear
GTF3C4,Nuclear
GTF3C5,Nuclear
GTF3C6,Nuclear
GTPBP1,Cytosol
GTPBP10,Secretory
GTPBP3,Mitochondria
GTPBP4,Nuclear
GUF1,Mitochondria
GUK1,Cytosol
GULP1,Mitochondria
GUSB,Secretory
GYG1,Cytosol
GYS1,Cytosol
HABP4,Nuclear
HACL1,Secretory
HADH,Mitochondria
HADHA,Mitochondria
HADHB,Mitochondria
HAGH,Cytosol
HAPLN3,Cytosol
HARS2,Mitochondria
HAT1,Nuclear
HAUS1,Cytosol
HAUS3,Cytosol
HAUS4,Cytosol
HAUS5,Cytosol
HAUS6,Cytosol
HAUS7,Cytosol
HAUS8,Cytosol
HAX1,Mitochondria
HBS1L,Cytosol
HCCS,Mitochondria
HCFC1,Nuclear
HCFC2,Nuclear
HCK,Secretory
HDAC1,Nuclear
HDAC2,Nuclear
HDAC3,Nuclear
HDAC4,Cytosol
HDAC6,Cytosol
HDAC7,Cytosol
HDDC2,Cytosol
HDDC3,Cytosol
HDGF,Nuclear
HDHD2,Cytosol
HEATR1,Nuclear
HEATR3,Cytosol
HEATR5A,Cytosol
HEATR5B,Cytosol
HEATR6,Cytosol
HEBP1,Cytosol
HEBP2,Cytosol
HECA,Cytosol
HECTD1,Cytosol
HECTD3,Cytosol
HELZ,Nuclear
HERC1,Cytosol
HERC2,Secretory
HERC4,Cytosol
HEXIM1,Nuclear
HGS,Cytosol
HIBADH,Mitochondria
HIBCH,Mitochondria
HIF1AN,Cytosol
HINT1,Cytosol
HINT3,Secretory
HIP1,Mitochondria
HIP1R,Cytosol
HIRA,Nuclear
HIRIP3,Nuclear
HK1,Nuclear
HK2,Cytosol
HLA-A,Secretory
HLA-B,Nuclear
HLA-C,Secretory
HLA-DRB1,Secretory
HLA-E,Secretory
HLA-F,Secretory
HLCS,Cytosol
HLTF,Nuclear
HMCN1,Secretory
HMG20A,Nuclear
HMG20B,Nuclear
HMGB1,Nuclear
HMGB2,Nuclear
HMGB3,Nuclear
HMGCL,Mitochondria
HMGCS1,Cytosol
HMGN2,Nuclear
HMGN5,Nuclear
HMOX1,Secretory
HMOX2,Secretory
HNMT,Cytosol
HNRNPA0,Nuclear
HNRNPA1,Nuclear
HNRNPA1L2,Cytosol
HNRNPA2B1,Nuclear
HNRNPA3,Nuclear
HNRNPAB,Nuclear
HNRNPC,Nuclear
HNRNPD,Nuclear
HNRNPF,Nuclear
HNRNPH1,Nuclear
HNRNPH2,Nuclear
HNRNPH3,Nuclear
HNRNPK,Nuclear
HNRNPM,Nuclear
HNRNPR,Nuclear
HNRNPU,Nuclear
HNRNPUL1,Nuclear
HNRNPUL2,Nuclear
HOMER1,Cytosol
HOMER3,Cytosol
HOOK1,Cytosol
HOOK2,Cytosol
HOOK3,Cytosol
HP1BP3,Nuclear
HPCAL1,Cytosol
HPGD,Cytosol
HPRT1,Cytosol
HPS3,Cytosol
HPS5,Cytosol
HPS6,Cytosol
HPX,Cytosol
HRAS,Secretory
HS1BP3,Cytosol
HSBP1,Cytosol
HSCB,Mitochondria
HSD17B10,Mitochondria
HSD17B11,Secretory
HSD17B12,Secretory
HSD17B4,Secretory
HSD17B7,Mitochondria
HSD17B8,Mitochondria
HSDL1,Mitochondria
HSDL2,Mitochondria
HSF1,Nuclear
HSP90AA1,Cytosol
HSP90AB1,Cytosol
HSPA12A,Cytosol
HSPA13,Secretory
HSPA14,Cytosol
HSPA1L,Cytosol
HSPA2,Cytosol
HSPA4,Cytosol
HSPA4L,Cytosol
HSPA5,Nuclear
HSPA6,Cytosol
HSPA8,Cytosol
HSPA9,Mitochondria
HSPB1,Cytosol
HSPB11,Cytosol
HSPB8,Cytosol
HSPBP1,Cytosol
HSPD1,Mitochondria
HSPE1,Mitochondria
HSPG2,Secretory
HSPH1,Cytosol
HTATIP2,Secretory
HTATSF1,Nuclear
HTRA1,Secretory
HTT,Cytosol
HUS1,Nuclear
HUWE1,Cytosol
HYI,Cytosol
HYOU1,Nuclear
IAH1,Cytosol
IARS2,Mitochondria
ICA1,Cytosol
ICAM1,Secretory
IDE,Cytosol
IDH1,Cytosol
IDH2,Mitochondria
IDH3A,Mitochondria
IDH3B,Mitochondria
IDH3G,Mitochondria
IDI1,Cytosol
IFI30,Secretory
IFI35,Cytosol
IFIH1,Cytosol
IFIT5,Cytosol
IFITM3,Cytosol
IFT122,Cytosol
IFT140,Cytosol
IFT172,Cytosol
IFT27,Cytosol
IFT74,Cytosol
IFT81,Cytosol
IGBP1,Cytosol
IGF1R,Secretory
IGF2,Nuclear
IGF2BP2,Nuclear
IGF2R,Secretory
IGFBP2,Secretory
IGFBP3,Secretory
IGFBP4,Secretory
IGFBP5,Nuclear
IGHMBP2,Nuclear
IGSF8,Secretory
IK,Nuclear
IKBIP,Secretory
IKBKB,Cytosol
IKBKG,Cytosol
IL18,Cytosol
IL1RN,Cytosol
IL6ST,Secretory
ILF2,Nuclear
ILF3,Nuclear
ILK,Cytosol
ILKAP,Nuclear
ILVBL,Secretory
IMMT,Mitochondria
IMP3,Nuclear
IMP4,Nuclear
IMPA1,Cytosol
IMPACT,Cytosol
IMPDH1,Cytosol
IMPDH2,Cytosol
INF2,Secretory
ING1,Nuclear
ING4,Nuclear
ING5,Nuclear
INPP1,Cytosol
INPP4A,Cytosol
INPP4B,Cytosol
INPP5B,Cytosol
INPP5F,Cytosol
INPP5K,Secretory
INPPL1,Cytosol
INSR,Secretory
INTS1,Nuclear
INTS12,Nuclear
INTS2,Nuclear
INTS5,Nuclear
INTS6,Nuclear
INTS7,Nuclear
INTS8,Nuclear
INTS9,Nuclear
IP6K1,Secretory
IPO11,Cytosol
IPO13,Cytosol
IPO4,Cytosol
IPO5,Cytosol
IPO7,Cytosol
IPO8,Cytosol
IPO9,Cytosol
IQGAP1,Cytosol
IQGAP2,Cytosol
IQGAP3,Cytosol
IQSEC1,Cytosol
IQSEC2,Cytosol
IRAK1,Cytosol
IRAK4,Cytosol
IREB2,Cytosol
IRF2,Nuclear
IRF2BP1,Nuclear
IRF2BP2,Nuclear
IRF3,Cytosol
IRF5,Cytosol
IRF6,Cytosol
IRF9,Cytosol
IRGQ,Cytosol
IRS1,Cytosol
IRS2,Cytosol
IRX5,Nuclear
ISCA1,Mitochondria
ISCU,Mitochondria
ISG15,Cytosol
ISG20,Cytosol
ISG20L2,Nuclear
ISOC1,Cytosol
ISOC2,Mitochondria
ISYNA1,Cytosol
ITCH,Cytosol
ITFG1,Secretory
ITFG2,Cytosol
ITGA2,Secretory
ITGA5,Secretory
ITGA6,Secretory
ITGAV,Secretory
ITGB1,Secretory
ITGB2,Secretory
ITGB4,Secretory
ITGB5,Secretory
ITGB6,Secretory
ITIH4,Cytosol
ITPA,Cytosol
ITPK1,Cytosol
ITPKB,Cytosol
ITPKC,Cytosol
ITPR1,Secretory
ITPR2,Secretory
ITPR3,Secretory
ITSN1,Cytosol
ITSN2,Nuclear
IVD,Mitochondria
IVNS1ABP,Cytosol
IWS1,Nuclear
JAK1,Secretory
JMJD1C,Nuclear
JMJD6,Nuclear
JUNB,Nuclear
JUND,Nuclear
JUP,Secretory
KALRN,Secretory
KANK2,Secretory
KAT2A,Nuclear
KATNA1,Cytosol
KATNAL2,Cytosol
KATNB1,Cytosol
KCMF1,Cytosol
KCNAB2,Cytosol
KCNK15,Cytosol
KCTD1,Nuclear
KCTD10,Cytosol
KCTD12,Cytosol
KCTD13,Cytosol
KCTD15,Nuclear
KCTD21,Cytosol
KCTD3,Cytosol
KCTD9,Cytosol
KDM1A,Nuclear
KDM2A,Nuclear
KDM3A,Nuclear
KDM3B,Nuclear
KDM4A,Nuclear
KDM4B,Nuclear
KDM5A,Nuclear
KDM5B,Nuclear
KDM5C,Nuclear
KDM6A,Nuclear
KEAP1,Cytosol
KHDRBS1,Nuclear
KHDRBS3,Nuclear
KHNYN,Cytosol
KHSRP,Nuclear
KIAA0100,Secretory
KIAA0319L,Secretory
KIAA0513,Cytosol
KIAA1143,Nuclear
KIAA1191,Cytosol
KIAA1328,Nuclear
KIAA1522,Secretory
KIAA1671,Secretory
KIF11,Cytosol
KIF13A,Cytosol
KIF13B,Cytosol
KIF16B,Cytosol
KIF1B,Cytosol
KIF21A,Cytosol
KIF2A,Nuclear
KIF3A,Cytosol
KIF3B,Cytosol
KIF3C,Cytosol
KIF4A,Nuclear
KIF4B,Cytosol
KIF5B,Cytosol
KIF5C,Cytosol
KIFAP3,Cytosol
KIFC1,Nuclear
KIN,Nuclear
KLC1,Cytosol
KLC2,Cytosol
KLC3,Cytosol
KLC4,Cytosol
KLHDC4,Cytosol
KLHL22,Cytosol
KLHL36,Cytosol
KNTC1,Cytosol
KPNA1,Cytosol
KPNA2,Cytosol
KPNA3,Cytosol
KPNA4,Cytosol
KPNA6,Cytosol
KPNB1,Cytosol
KPTN,Cytosol
KRAS,Secretory
KRI1,Nuclear
KRR1,Nuclear
KRT23,Mitochondria
KRT80,Cytosol
KTI12,Cytosol
KTN1,Secretory
KYNU,Cytosol
L2HGDH,Mitochondria
LACTB,Secretory
LACTB2,Cytosol
LAD1,Nuclear
LAMA3,Secretory
LAMA5,Secretory
LAMB1,Secretory
LAMB2,Secretory
LAMB3,Secretory
LAMC1,Secretory
LAMC2,Secretory
LAMP1,Secretory
LAMP2,Secretory
LANCL1,Cytosol
LANCL2,Cytosol
LAP3,Cytosol
LARP1,Nuclear
LARP1B,Nuclear
LARP4,Secretory
LARP4B,Nuclear
LARP7,Nuclear
LARS2,Mitochondria
LAS1L,Nuclear
LASP1,Cytosol
LBR,Secretory
LCLAT1,Secretory
LCMT1,Cytosol
LCP1,Cytosol
LDB1,Nuclear
LDHA,Cytosol
LDHB,Cytosol
LDHD,Mitochondria
LEMD2,Secretory
LEMD3,Nuclear
LEO1,Nuclear
LETM1,Mitochondria
LGALS1,Cytosol
LGALS3,Cytosol
LGALS3BP,Secretory
LGALS8,Secretory
LGMN,Nuclear
LHPP,Cytosol
LIG1,Nuclear
LIG3,Nuclear
LIG4,Cytosol
LIMCH1,Nuclear
LIMD1,Cytosol
LIMD2,Cytosol
LIMK1,Cytosol
LIMK2,Cytosol
LIMS1,Cytosol
LIN7C,Secretory
LIPA,Secretory
LIPE,Cytosol
LLGL1,Cytosol
LLGL2,Secretory
LMAN1,Secretory
LMAN2,Secretory
LMAN2L,Secretory
LMCD1,Cytosol
LMNA,Nuclear
LMNB1,Nuclear
LMNB2,Nuclear
LMO7,Mitochondria
LMTK2,Secretory
LNPEP,Secretory
LONP1,Mitochondria
LONP2,Secretory
LOXL1,Secretory
LOXL2,Secretory
LPCAT1,Secretory
LPCAT2,Secretory
LPGAT1,Secretory
LPIN1,Cytosol
LPIN2,Cytosol
LPIN3,Cytosol
LPP,Cytosol
LRBA,Cytosol
LRCH1,Secretory
LRCH3,Cytosol
LRCH4,Secretory
LRG1,Cytosol
LRP1,Secretory
LRPAP1,Nuclear
LRPPRC,Mitochondria
LRRC1,Mitochondria
LRRC14,Cytosol
LRRC15,Secretory
LRRC20,Cytosol
LRRC40,Cytosol
LRRC41,Nuclear
LRRC47,Cytosol
LRRC57,Cytosol
LRRC59,Secretory
LRRFIP1,Cytosol
LRRFIP2,Cytosol
LRSAM1,Cytosol
LRWD1,Nuclear
LSG1,Secretory
LSM1,Cytosol
LSM12,Cytosol
LSM14A,Nuclear
LSM14B,Nuclear
LSM3,Cytosol
LSM4,Nuclear
LSM5,Nuclear
LSM6,Nuclear
LSR,Secretory
LSS,Secretory
LTA4H,Cytosol
LTBP1,Secretory
LTBP3,Secretory
LTBP4,Cytosol
LTF,Cytosol
LTV1,Cytosol
LUC7L,Nuclear
LUC7L3,Nuclear
LUM,Cytosol
LUZP1,Nuclear
LXN,Cytosol
LYAR,Nuclear
LYN,Secretory
LYPD3,Secretory
LYPLA1,Cytosol
LYPLA2,Cytosol
LYPLAL1,Cytosol
LYRM7,Mitochondria
LYSMD1,Cytosol
LYSMD2,Cytosol
LZIC,Cytosol
LZTFL1,Cytosol
LZTR1,Cytosol
M6PR,Secretory
MACF1,Cytosol
MACROD1,Mitochondria
MAD1L1,Nuclear
MAD2L1,Cytosol
MAD2L1BP,Cytosol
MADD,Cytosol
MAEA,Cytosol
MAF1,Cytosol
MAGED1,Cytosol
MAGED2,Cytosol
MAGEE1,Cytosol
MAGI3,Cytosol
MAGT1,Secretory
MAK16,Nuclear
MALT1,Cytosol
MAN1A1,Secretory
MAN1B1,Secretory
MAN2A1,Secretory
MAN2C1,Cytosol
MAOA,Mitochondria
MAOB,Mitochondria
MAP1A,Cytosol
MAP1B,Cytosol
MAP1S,Cytosol
MAP2,Cytosol
MAP2K1,Cytosol
MAP2K2,Cytosol
MAP2K3,Cytosol
MAP2K4,Cytosol
MAP2K6,Cytosol
MAP2K7,Cytosol
MAP3K11,Secretory
MAP3K2,Cytosol
MAP3K3,Cytosol
MAP3K4,Cytosol
MAP3K5,Cytosol
MAP3K7,Cytosol
MAP4,Cytosol
MAP4K2,Cytosol
MAP4K4,Nuclear
MAP4K5,Cytosol
MAP7,Nuclear
MAP7D1,Nuclear
MAP7D3,Nuclear
MAPK1,Cytosol
MAPK11,Cytosol
MAPK12,Cytosol
MAPK13,Cytosol
MAPK14,Cytosol
MAPK15,Cytosol
MAPK3,Cytosol
MAPK6,Cytosol
MAPK7,Cytosol
MAPK8,Cytosol
MAPK9,Cytosol
MAPKAP1,Cytosol
MAPKAPK2,Cytosol
MAPKAPK3,Cytosol
MAPKAPK5,Cytosol
MAPRE1,Cytosol
MAPRE2,Cytosol
MAPRE3,Cytosol
MAPT,Cytosol
MARCKSL1,Cytosol
MARK1,Nuclear
MARK2,Secretory
MARK3,Cytosol
MARS2,Mitochondria
MAST4,Cytosol
MASTL,Nuclear
MAT2A,Cytosol
MAT2B,Cytosol
MATN2,Secretory
MATR3,Nuclear
MAVS,Mitochondria
MAX,Nuclear
MAZ,Nuclear
MB,Cytosol
MBD1,Nuclear
MBD2,Nuclear
MBD3,Nuclear
MBNL1,Nuclear
MBNL2,Nuclear
MBNL3,Cytosol
MBOAT7,Secretory
MBP,Cytosol
MCAM,Secretory
MCAT,Mitochondria
MCC,Cytosol
MCCC1,Mitochondria
MCCC2,Mitochondria
MCF2L,Secretory
MCFD2,Secretory
MCL1,Mitochondria
MCM2,Nuclear
MCM3,Nuclear
MCM3AP,Nuclear
MCM4,Nuclear
MCM5,Nuclear
MCM6,Nuclear
MCM7,Nuclear
MCTS1,Cytosol
MDC1,Nuclear
MDH1,Cytosol
MDH2,Mitochondria
MDK,Secretory
MDN1,Nuclear
ME1,Cytosol
ME2,Mitochondria
MEA1,Cytosol
MEAF6,Nuclear
MECP2,Nuclear
MECR,Mitochondria
MED1,Nuclear
MED10,Nuclear
MED12,Nuclear
MED13,Nuclear
MED13L,Nuclear
MED14,Nuclear
MED15,Nuclear
MED16,Nuclear
MED17,Nuclear
MED20,Nuclear
MED21,Nuclear
MED22,Nuclear
MED23,Nuclear
MED24,Nuclear
MED25,Nuclear
MED29,Nuclear
MED4,Nuclear
MED6,Nuclear
MED8,Nuclear
MED9,Nuclear
MEF2D,Nuclear
MEMO1,Cytosol
MEN1,Nuclear
MEPCE,Nuclear
METAP1,Cytosol
METAP2,Cytosol
METTL1,Nuclear
METTL13,Cytosol
METTL14,Nuclear
METTL2B,Cytosol
METTL3,Nuclear
METTL7A,Secretory
MEX3A,Nuclear
MEX3D,Cytosol
MFAP1,Nuclear
MFF,Mitochondria
MFGE8,Secretory
MFN1,Mitochondria
MFN2,Mitochondria
MGA,Nuclear
MGLL,Cytosol
MGMT,Cytosol
MGRN1,Secretory
MGST3,Mitochondria
MIA3,Secretory
MIB1,Nuclear
MICAL1,Cytosol
MICAL2,Secretory
MICAL3,Cytosol
MICALL1,Cytosol
MIER1,Nuclear
MIF,Cytosol
MIF4GD,Cytosol
MINK1,Nuclear
MINPP1,Secretory
MIOS,Nuclear
MIPEP,Mitochondria
MKI67,Nuclear
MKLN1,Cytosol
MKRN1,Nuclear
MKRN2,Cytosol
MLEC,Secretory
MLF2,Nuclear
MLH1,Nuclear
MLKL,Cytosol
MLLT1,Nuclear
MLPH,Cytosol
MLST8,Cytosol
MLYCD,Mitochondria
MMAA,Mitochondria
MMAB,Mitochondria
MMS19,Cytosol
MNAT1,Nuclear
MOB2,Cytosol
MOCS2,Cytosol
MOCS3,Cytosol
MOGS,Secretory
MON1B,Cytosol
MON2,Cytosol
MORC2,Nuclear
MORC3,Nuclear
MORF4L1,Nuclear
MORF4L2,Nuclear
MOV10,Nuclear
MPDZ,Secretory
MPG,Nuclear
MPHOSPH10,Nuclear
MPHOSPH6,Nuclear
MPHOSPH8,Nuclear
MPI,Cytosol
MPRIP,Secretory
MPST,Cytosol
MRC2,Secretory
MRFAP1,Nuclear
MRI1,Cytosol
MRPL1,Secretory
MRPL11,Secretory
MRPL13,Secretory
MRPL14,Mitochondria
MRPL15,Secretory
MRPL16,Secretory
MRPL17,Secretory
MRPL18,Secretory
MRPL19,Secretory
MRPL2,Secretory
MRPL20,Secretory
MRPL21,Secretory
MRPL22,Secretory
MRPL23,Secretory
MRPL24,Secretory
MRPL27,Secretory
MRPL28,Secretory
MRPL3,Secretory
MRPL32,Secretory
MRPL37,Secretory
MRPL38,Secretory
MRPL39,Secretory
MRPL40,Secretory
MRPL41,Secretory
MRPL42,Secretory
MRPL43,Secretory
MRPL44,Secretory
MRPL45,Secretory
MRPL46,Secretory
MRPL47,Secretory
MRPL48,Secretory
MRPL49,Secretory
MRPL50,Secretory
MRPL52,Secretory
MRPL53,Secretory
MRPL54,Secretory
MRPL55,Secretory
MRPL9,Secretory
MRPS10,Secretory
MRPS11,Secretory
MRPS12,Secretory
MRPS14,Secretory
MRPS16,Secretory
MRPS18A,Secretory
MRPS18B,Secretory
MRPS2,Secretory
MRPS22,Secretory
MRPS23,Secretory
MRPS24,Secretory
MRPS25,Secretory
MRPS26,Secretory
MRPS27,Secretory
MRPS28,Secretory
MRPS30,Secretory
MRPS31,Secretory
MRPS33,Secretory
MRPS34,Secretory
MRPS35,Secretory
MRPS36,Secretory
MRPS5,Secretory
MRPS6,Secretory
MRPS7,Secretory
MRPS9,Secretory
MRRF,Mitochondria
MRTO4,Nuclear
MSH2,Nuclear
MSH3,Nuclear
MSH6,Nuclear
MSI2,Nuclear
MSL1,Nuclear
MSN,Secretory
MSRA,Cytosol
MSTO1,Cytosol
MTA1,Nuclear
MTA2,Nuclear
MTA3,Nuclear
MTCH2,Mitochondria
MTDH,Secretory
MTFR1,Mitochondria
MTHFD1,Cytosol
MTHFD1L,Mitochondria
MTHFR,Cytosol
MTHFS,Cytosol
MTHFSD,Nuclear
MTIF2,Mitochondria
MTIF3,Mitochondria
MTM1,Cytosol
MTMR1,Cytosol
MTMR12,Cytosol
MTMR14,Cytosol
MTMR2,Cytosol
MTMR3,Cytosol
MTMR6,Cytosol
MTMR9,Cytosol
MTOR,Cytosol
MTPAP,Mitochondria
MTR,Cytosol
MTRR,Cytosol
MTSS1,Cytosol
MTUS1,Secretory
MTX1,Mitochondria
MTX2,Mitochondria
MTX3,Mitochondria
MUC1,Secretory
MUC5B,Secretory
MVD,Cytosol
MVK,Cytosol
MVP,Nuclear
MXRA7,Secretory
MYBBP1A,Nuclear
MYCBP,Cytosol
MYD88,Cytosol
MYEF2,Nuclear
MYH10,Cytosol
MYH14,Cytosol
MYH9,Cytosol
MYL6,Cytosol
MYL6B,Cytosol
MYL9,Cytosol
MYLK,Cytosol
MYO19,Mitochondria
MYO1B,Secretory
MYO1C,Secretory
MYO1D,Secretory
MYO1E,Cytosol
MYO5A,Cytosol
MYO5B,Secretory
MYO5C,Secretory
MYO6,Cytosol
MYO9B,Cytosol
MYOF,Secretory
N4BP1,Cytosol
N4BP2L2,Nuclear
N6AMT1,Cytosol
NAA10,Cytosol
NAA15,Cytosol
NAA16,Cytosol
NAA20,Cytosol
NAA25,Cytosol
NAA30,Cytosol
NAA35,Cytosol
NAA50,Cytosol
NAAA,Secretory
NAB2,Nuclear
NACA,Cytosol
NACC1,Nuclear
NADK,Cytosol
NADSYN1,Cytosol
NAE1,Cytosol
NAGA,Nuclear
NAGK,Cytosol
NAMPT,Cytosol
NANP,Cytosol
NANS,Cytosol
NAP1L1,Cytosol
NAP1L4,Cytosol
NAPB,Cytosol
NAPG,Cytosol
NARS2,Mitochondria
NASP,Nuclear
NAT1,Cytosol
NAT10,Nuclear
NAV1,Cytosol
NBAS,Secretory
NBEA,Cytosol
NBEAL1,Cytosol
NBEAL2,Cytosol
NBN,Nuclear
NCALD,Cytosol
NCAPD2,Cytosol
NCAPD3,Nuclear
NCAPG,Cytosol
NCAPH,Cytosol
NCBP1,Nuclear
NCBP2,Nuclear
NCCRP1,Cytosol
NCDN,Cytosol
NCEH1,Secretory
NCK1,Cytosol
NCK2,Cytosol
NCKAP1,Cytosol
NCKIPSD,Cytosol
NCL,Nuclear
NCLN,Secretory
NCOA1,Cytosol
NCOA2,Nuclear
NCOA3,Nuclear
NCOA5,Nuclear
NCOA6,Nuclear
NCOA7,Cytosol
NCOR1,Nuclear
NCOR2,Nuclear
NCSTN,Secretory
NDE1,Cytosol
NDEL1,Cytosol
NDOR1,Cytosol
NDRG1,Cytosol
NDRG2,Cytosol
NDRG3,Cytosol
NDUFA10,Mitochondria
NDUFA11,Mitochondria
NDUFA12,Mitochondria
NDUFA2,Mitochondria
NDUFA3,Mitochondria
NDUFA4,Mitochondria
NDUFA5,Mitochondria
NDUFA6,Mitochondria
NDUFA8,Mitochondria
NDUFA9,Mitochondria
NDUFAF1,Mitochondria
NDUFAF2,Mitochondria
NDUFAF3,Mitochondria
NDUFAF4,Mitochondria
NDUFB10,Mitochondria
NDUFB11,Mitochondria
NDUFB3,Mitochondria
NDUFB4,Mitochondria
NDUFB5,Mitochondria
NDUFB6,Mitochondria
NDUFB7,Mitochondria
NDUFB8,Mitochondria
NDUFB9,Mitochondria
NDUFC2,Mitochondria
NDUFS1,Mitochondria
NDUFS2,Mitochondria
NDUFS3,Mitochondria
NDUFS4,Mitochondria
NDUFS5,Mitochondria
NDUFS6,Mitochondria
NDUFS7,Mitochondria
NDUFS8,Mitochondria
NDUFV1,Mitochondria
NDUFV2,Mitochondria
NDUFV3,Mitochondria
NEB,Nuclear
NEBL,Cytosol
NECAP1,Cytosol
NECAP2,Cytosol
NEDD1,Cytosol
NEDD4,Cytosol
NEDD4L,Cytosol
NEDD9,Cytosol
NEK6,Cytosol
NEK7,Cytosol
NEK9,Cytosol
NENF,Nuclear
NEO1,Secretory
NES,Cytosol
NF1,Cytosol
NF2,Secretory
NFATC1,Cytosol
NFATC2,Cytosol
NFATC2IP,Nuclear
NFIC,Nuclear
NFKB1,Cytosol
NFKB2,Cytosol
NFKBIA,Cytosol
NFKBIB,Cytosol
NFKBIE,Cytosol
NFRKB,Nuclear
NFS1,Mitochondria
NFU1,Mitochondria
NFX1,Nuclear
NFXL1,Secretory
NFYA,Nuclear
NFYB,Nuclear
NFYC,Nuclear
NGDN,Nuclear
NGLY1,Cytosol
NHEJ1,Cytosol
NHLRC2,Cytosol
NHP2,Nuclear
NHSL1,Cytosol
NHSL2,Secretory
NIF3L1,Cytosol
NIN,Cytosol
NIP7,Nuclear
NIPBL,Nuclear
NIPSNAP1,Mitochondria
NIPSNAP3A,Mitochondria
NIT1,Cytosol
NIT2,Cytosol
NKAP,Nuclear
NKAPL,Nuclear
NKIRAS2,Cytosol
NKRF,Nuclear
NKTR,Nuclear
NLE1,Nuclear
NLN,Cytosol
NLRX1,Mitochondria
NMD3,Cytosol
NME1,Cytosol
NME1-NME2,Cytosol
NME3,Mitochondria
NME7,Cytosol
NMI,Cytosol
NMNAT1,Nuclear
NMRAL1,Cytosol
NMT1,Cytosol
NMT2,Cytosol
NNT,Mitochondria
NOB1,Cytosol
NOC2L,Nuclear
NOC3L,Nuclear
NOC4L,Nuclear
NOL10,Nuclear
NOL11,Nuclear
NOL3,Cytosol
NOL6,Nuclear
NOL7,Nuclear
NOL8,Nuclear
NOL9,Nuclear
NOLC1,Nuclear
NOMO1,Secretory
NOMO2,Secretory
NONO,Nuclear
NOP10,Nuclear
NOP14,Nuclear
NOP16,Nuclear
NOP2,Nuclear
NOP56,Nuclear
NOP58,Nuclear
NOSIP,Nuclear
NOTCH2,Secretory
NOTCH3,Secretory
NOVA1,Nuclear
NOVA2,Nuclear
NPC2,Nuclear
NPEPPS,Cytosol
NPLOC4,Nuclear
NPM1,Nuclear
NPM3,Nuclear
NPNT,Secretory
NPTN,Secretory
NQO1,Cytosol
NQO2,Cytosol
NR2C2,Nuclear
NR2C2AP,Cytosol
NR2F2,Nuclear
NR2F6,Nuclear
NR3C1,Cytosol
NRBF2,Cytosol
NRBP1,Cytosol
NRBP2,Cytosol
NRF1,Nuclear
NRP1,Secretory
NRP2,Secretory
NSA2,Nuclear
NSDHL,Secretory
NSF,Secretory
NSFL1C,Cytosol
NSL1,Nuclear
NSMAF,Cytosol
NSMCE2,Nuclear
NSUN2,Nuclear
NSUN4,Secretory
NSUN5,Nuclear
NSUN6,Cytosol
NT5C,Cytosol
NT5C2,Cytosol
NT5DC1,Cytosol
NT5DC2,Mitochondria
NT5DC3,Mitochondria
NT5E,Secretory
NTAN1,Cytosol
NTHL1,Nuclear
NUB1,Cytosol
NUBP1,Cytosol
NUBP2,Cytosol
NUBPL,Mitochondria
NUCB1,Secretory
NUCB2,Secretory
NUDC,Cytosol
NUDCD1,Cytosol
NUDCD2,Cytosol
NUDCD3,Cytosol
NUDT1,Cytosol
NUDT12,Cytosol
NUDT14,Cytosol
NUDT15,Cytosol
NUDT16,Cytosol
NUDT16L1,Nuclear
NUDT18,Cytosol
NUDT19,Mitochondria
NUDT2,Cytosol
NUDT21,Nuclear
NUDT3,Cytosol
NUDT4,Cytosol
NUDT5,Cytosol
NUDT9,Cytosol
NUFIP2,Nuclear
NUMA1,Nuclear
NUMB,Secretory
NUP107,Nuclear
NUP153,Nuclear
NUP160,Nuclear
NUP205,Nuclear
NUP210,Nuclear
NUP214,Cytosol
NUP35,Nuclear
NUP37,Cytosol
NUP43,Cytosol
NUP50,Nuclear
NUP54,Nuclear
NUP62,Cytosol
NUP85,Nuclear
NUP93,Nuclear
NUP98,Nuclear
NUTF2,Cytosol
NVL,Nuclear
NXF1,Nuclear
NXN,Cytosol
NXT1,Nuclear
OAS3,Cytosol
OAT,Mitochondria
OBSCN,Cytosol
OBSL1,Cytosol
OCIAD1,Mitochondria
OCIAD2,Mitochondria
OCLN,Secretory
OCRL,Cytosol
OFD1,Cytosol
OGDH,Secretory
OGFOD1,Nuclear
OGFR,Cytosol
OGFRL1,Cytosol
OGT,Cytosol
OLA1,Cytosol
OPA1,Mitochondria
OPLAH,Cytosol
OPTN,Cytosol
OS9,Secretory
OSBP,Cytosol
OSBP2,Cytosol
OSBPL10,Secretory
OSBPL11,Secretory
OSBPL1A,Cytosol
OSBPL2,Cytosol
OSBPL5,Secretory
OSBPL8,Secretory
OSBPL9,Secretory
OSCP1,Cytosol
OSGEP,Cytosol
OSTF1,Cytosol
OTUB1,Cytosol
OTUD4,Cytosol
OTUD6B,Cytosol
OVCA2,Cytosol
OXR1,Cytosol
OXSR1,Cytosol
P2RX4,Secretory
P4HA1,Secretory
P4HA2,Secretory
P4HB,Nuclear
PA2G4,Cytosol
PAAF1,Cytosol
PABPC1,Nuclear
PABPC1L,Nuclear
PABPC4,Nuclear
PABPC4L,Nuclear
PABPN1,Nuclear
PACS1,Cytosol
PACS2,Cytosol
PACSIN1,Cytosol
PACSIN2,Cytosol
PADI2,Cytosol
PAF1,Nuclear
PAFAH1B1,Cytosol
PAFAH1B2,Cytosol
PAFAH1B3,Cytosol
PAICS,Cytosol
PAIP1,Cytosol
PAIP2,Cytosol
PAK1,Cytosol
PAK1IP1,Nuclear
PAK2,Cytosol
PAK4,Cytosol
PALLD,Cytosol
PALM,Secretory
PAN2,Cytosol
PANK1,Cytosol
PANK2,Cytosol
PANK3,Cytosol
PANK4,Cytosol
PAPOLA,Nuclear
PAPOLG,Nuclear
PAPSS2,Cytosol
PARD3,Cytosol
PARD6B,Cytosol
PARG,Cytosol
PARK7,Cytosol
PARN,Nuclear
PARP1,Nuclear
PARP12,Cytosol
PARP14,Cytosol
PARP4,Cytosol
PARP9,Cytosol
PARS2,Mitochondria
PARVA,Cytosol
PARVB,Cytosol
PATL1,Cytosol
PAWR,Cytosol
PAXIP1,Nuclear
PBK,Cytosol
PBLD,Cytosol
PBRM1,Nuclear
PBX1,Nuclear
PBX2,Nuclear
PBX3,Nuclear
PBXIP1,Secretory
PC,Mitochondria
PCBD1,Cytosol
PCBD2,Cytosol
PCBP1,Cytosol
PCCA,Mitochondria
PCCB,Mitochondria
PCDH1,Secretory
PCF11,Nuclear
PCGF2,Nuclear
PCID2,Cytosol
PCIF1,Nuclear
PCK2,Mitochondria
PCM1,Nuclear
PCMT1,Cytosol
PCMTD1,Cytosol
PCNA,Nuclear
PCNP,Nuclear
PCOLCE,Cytosol
PCTP,Cytosol
PCYOX1,Secretory
PCYT1A,Nuclear
PCYT2,Cytosol
PDAP1,Cytosol
PDCD10,Cytosol
PDCD11,Nuclear
PDCD2L,Cytosol
PDCD4,Nuclear
PDCD5,Cytosol
PDCD6,Cytosol
PDCD6IP,Cytosol
PDCL,Cytosol
PDCL3,Cytosol
PDE4D,Cytosol
PDE6D,Cytosol
PDF,Mitochondria
PDHA1,Mitochondria
PDHB,Mitochondria
PDIA3,Nuclear
PDIA4,Nuclear
PDIA5,Secretory
PDK1,Mitochondria
PDK2,Mitochondria
PDK3,Mitochondria
PDLIM1,Cytosol
PDLIM2,Cytosol
PDLIM5,Cytosol
PDLIM7,Cytosol
PDP1,Mitochondria
PDPK1,Cytosol
PDPR,Mitochondria
PDRG1,Cytosol
PDS5A,Nuclear
PDS5B,Nuclear
PDSS2,Mitochondria
PDXDC1,Cytosol
PDXK,Cytosol
PDXP,Cytosol
PDZD11,Cytosol
PDZK1,Cytosol
PDZRN3,Cytosol
PEA15,Cytosol
PEBP1,Cytosol
PECR,Secretory
PEF1,Cytosol
PELO,Cytosol
PELP1,Nuclear
PEPD,Cytosol
PES1,Nuclear
PEX14,Secretory
PEX19,Cytosol
PEX5,Cytosol
PEX6,Secretory
PFAS,Cytosol
PFDN1,Cytosol
PFDN2,Cytosol
PFDN4,Cytosol
PFDN5,Cytosol
PFDN6,Cytosol
PFKFB2,Cytosol
PFKFB3,Nuclear
PFKFB4,Cytosol
PFKL,Cytosol
PFKM,Cytosol
PFKP,Cytosol
PFN1,Cytosol
PFN2,Cytosol
PGAM1,Cytosol
PGAM5,Mitochondria
PGD,Cytosol
PGGT1B,Cytosol
PGK1,Cytosol
PGLS,Cytosol
PGM1,Cytosol
PGM2,Cytosol
PGM2L1,Cytosol
PGM3,Cytosol
PGM5,Cytosol
PGP,Cytosol
PGPEP1,Cytosol
PGR,Cytosol
PGRMC1,Secretory
PGRMC2,Secretory
PHACTR2,Cytosol
PHACTR4,Cytosol
PHAX,Nuclear
PHB2,Mitochondria
PHC2,Nuclear
PHC3,Nuclear
PHF1,Nuclear
PHF10,Nuclear
PHF12,Nuclear
PHF14,Nuclear
PHF2,Nuclear
PHF20L1,Nuclear
PHF3,Nuclear
PHF5A,Nuclear
PHF6,Nuclear
PHGDH,Cytosol
PHIP,Nuclear
PHKA1,Cytosol
PHKA2,Cytosol
PHKB,Cytosol
PHKG2,Cytosol
PHLDA3,Cytosol
PHPT1,Cytosol
PHRF1,Nuclear
PHYH,Secretory
PI4K2A,Secretory
PI4KA,Secretory
PI4KB,Cytosol
PIAS4,Nuclear
PIBF1,Nuclear
PICALM,Cytosol
PICK1,Cytosol
PIGK,Secretory
PIGS,Secretory
PIGT,Secretory
PIH1D1,Cytosol
PIK3C2A,Cytosol
PIK3C2B,Cytosol
PIK3C3,Cytosol
PIK3CA,Cytosol
PIK3CB,Cytosol
PIK3R1,Cytosol
PIK3R3,Cytosol
PIK3R4,Cytosol
PIKFYVE,Cytosol
PIN1,Cytosol
PIN4,Cytosol
PIP4K2A,Cytosol
PIP4K2B,Cytosol
PIP4K2C,Cytosol
PIP5K1A,Secretory
PIP5K1C,Secretory
PIR,Cytosol
PITPNA,Cytosol
PITPNB,Cytosol
PITPNC1,Cytosol
PITPNM1,Cytosol
PITRM1,Mitochondria
PJA2,Cytosol
PKIB,Cytosol
PKIG,Cytosol
PKN1,Cytosol
PKN2,Cytosol
PKNOX1,Nuclear
PKP1,Nuclear
PKP2,Mitochondria
PKP3,Secretory
PKP4,Mitochondria
PLA2G15,Nuclear
PLAA,Cytosol
PLAU,Secretory
PLAUR,Secretory
PLBD2,Secretory
PLCB1,Cytosol
PLCB3,Cytosol
PLCD1,Secretory
PLCG1,Cytosol
PLCG2,Cytosol
PLCH1,Secretory
PLEK,Secretory
PLEKHA1,Cytosol
PLEKHA2,Cytosol
PLEKHA6,Mitochondria
PLEKHF1,Cytosol
PLEKHF2,Cytosol
PLEKHG3,Secretory
PLEKHM2,Cytosol
PLEKHO2,Cytosol
PLIN3,Cytosol
PLOD1,Secretory
PLOD3,Secretory
PLRG1,Nuclear
PLS1,Cytosol
PLS3,Cytosol
PLXDC2,Secretory
PLXNA1,Secretory
PLXNB2,Secretory
PLXND1,Secretory
PMF1,Nuclear
PML,Nuclear
PMM1,Cytosol
PMM2,Cytosol
PMPCA,Mitochondria
PMPCB,Mitochondria
PMS2,Nuclear
PMVK,Cytosol
PNKP,Nuclear
PNN,Nuclear
PNO1,Nuclear
PNP,Cytosol
PNPLA4,Mitochondria
PNPLA6,Secretory
PNPLA8,Mitochondria
PNPO,Cytosol
PNPT1,Mitochondria
POF1B,Cytosol
POFUT2,Secretory
POGZ,Nuclear
POLA1,Nuclear
POLB,Nuclear
POLD1,Nuclear
POLD2,Nuclear
POLD3,Nuclear
POLDIP2,Mitochondria
POLDIP3,Nuclear
POLE4,Cytosol
POLG,Mitochondria
POLG2,Mitochondria
POLI,Cytosol
POLR1A,Nuclear
POLR1B,Nuclear
POLR1C,Cytosol
POLR1D,Cytosol
POLR1E,Nuclear
POLR2A,Nuclear
POLR2C,Nuclear
POLR2D,Nuclear
POLR2E,Nuclear
POLR2G,Nuclear
POLR2H,Cytosol
POLR2K,Nuclear
POLR2L,Nuclear
POLR3A,Nuclear
POLR3B,Nuclear
POLR3D,Nuclear
POLR3F,Nuclear
POLRMT,Secretory
POM121,Nuclear
POM121C,Nuclear
POMP,Cytosol
PON2,Secretory
POP1,Nuclear
POP7,Cytosol
POR,Secretory
POSTN,Secretory
POTEF,Cytosol
POU2F1,Nuclear
PPA1,Cytosol
PPAT,Cytosol
PPCDC,Cytosol
PPCS,Cytosol
PPFIA1,Cytosol
PPFIA3,Cytosol
PPFIBP1,Secretory
PPFIBP2,Cytosol
PPHLN1,Nuclear
PPIA,Cytosol
PPIB,Secretory
PPID,Cytosol
PPIE,Nuclear
PPIF,Mitochondria
PPIG,Nuclear
PPIH,Nuclear
PPIL1,Cytosol
PPIL2,Nuclear
PPIL3,Cytosol
PPIL4,Nuclear
PPIP5K2,Cytosol
PPL,Cytosol
PPM1A,Cytosol
PPM1B,Cytosol
PPM1F,Cytosol
PPM1G,Nuclear
PPM1H,Cytosol
PPME1,Cytosol
PPOX,Mitochondria
PPP1R10,Nuclear
PPP1R11,Cytosol
PPP1R12A,Cytosol
PPP1R12B,Cytosol
PPP1R12C,Cytosol
PPP1R13L,Cytosol
PPP1R14B,Cytosol
PPP1R2,Cytosol
PPP1R3D,Cytosol
PPP1R7,Cytosol
PPP1R8,Nuclear
PPP1R9A,Secretory
PPP1R9B,Secretory
PPP2CB,Cytosol
PPP2R1A,Cytosol
PPP2R1B,Cytosol
PPP2R2A,Cytosol
PPP2R2D,Cytosol
PPP2R3A,Cytosol
PPP2R5A,Cytosol
PPP2R5C,Cytosol
PPP2R5D,Cytosol
PPP3CA,Cytosol
PPP3CB,Cytosol
PPP3CC,Cytosol
PPP3R1,Cytosol
PPP4C,Cytosol
PPP4R1,Cytosol
PPP4R2,Nuclear
PPP5C,Cytosol
PPP6C,Cytosol
PPT1,Nuclear
PPTC7,Mitochondria
PPWD1,Nuclear
PQBP1,Nuclear
PRAF2,Secretory
PRC1,Nuclear
PRCC,Nuclear
PRDX1,Cytosol
PRDX2,Cytosol
PRDX3,Mitochondria
PRDX4,Secretory
PRDX5,Cytosol
PRDX6,Cytosol
PREB,Secretory
PREP,Cytosol
PREPL,Cytosol
PREX1,Cytosol
PRG4,Secretory
PRIM2,Nuclear
PRKAA1,Cytosol
PRKAB1,Cytosol
PRKACA,Cytosol
PRKACB,Cytosol
PRKAG1,Cytosol
PRKAG2,Cytosol
PRKAR1A,Cytosol
PRKAR1B,Cytosol
PRKAR2A,Cytosol
PRKAR2B,Cytosol
PRKCA,Cytosol
PRKCD,Cytosol
PRKCE,Cytosol
PRKCH,Secretory
PRKCI,Cytosol
PRKCSH,Nuclear
PRKCZ,Cytosol
PRKD1,Cytosol
PRKD2,Cytosol
PRKD3,Cytosol
PRKDC,Nuclear
PRKRA,Nuclear
PRKRIP1,Nuclear
PRKX,Cytosol
PRMT3,Cytosol
PRMT5,Cytosol
PRNP,Secretory
PRODH,Mitochondria
PROS1,Cytosol
PRPF18,Nuclear
PRPF3,Nuclear
PRPF31,Nuclear
PRPF38A,Nuclear
PRPF38B,Nuclear
PRPF39,Nuclear
PRPF4,Nuclear
PRPF40A,Nuclear
PRPF4B,Nuclear
PRPF6,Nuclear
PRPF8,Nuclear
PRPS1,Cytosol
PRPS2,Cytosol
PRPSAP1,Cytosol
PRPSAP2,Cytosol
PRR12,Nuclear
PRR14,Nuclear
PRRC1,Cytosol
PRRX2,Cytosol
PRSS23,Secretory
PRSS8,Secretory
PRTFDC1,Cytosol
PSAP,Secretory
PSD4,Cytosol
PSIP1,Nuclear
PSMA1,Cytosol
PSMA3,Cytosol
PSMA4,Cytosol
PSMA5,Cytosol
PSMA6,Cytosol
PSMA7,Cytosol
PSMB1,Cytosol
PSMB10,Cytosol
PSMB2,Cytosol
PSMB3,Cytosol
PSMB4,Cytosol
PSMB5,Cytosol
PSMB6,Cytosol
PSMB7,Cytosol
PSMC1,Cytosol
PSMC6,Cytosol
PSMD10,Cytosol
PSMD2,Cytosol
PSMD3,Cytosol
PSMD4,Cytosol
PSMD5,Cytosol
PSMD8,Cytosol
PSMD9,Cytosol
PSME1,Cytosol
PSME2,Cytosol
PSME3,Nuclear
PSME4,Cytosol
PSMF1,Cytosol
PSMG1,Cytosol
PSMG2,Cytosol
PSMG3,Cytosol
PSMG4,Cytosol
PSPC1,Nuclear
PSPH,Cytosol
PSTPIP2,Cytosol
PTAR1,Cytosol
PTBP2,Nuclear
PTCD3,Secretory
PTEN,Cytosol
PTER,Cytosol
PTGES2,Mitochondria
PTGES3,Cytosol
PTGFRN,Secretory
PTGR1,Cytosol
PTGR2,Cytosol
PTK2,Cytosol
PTK2B,Cytosol
PTK7,Secretory
PTP4A2,Cytosol
PTPMT1,Mitochondria
PTPN1,Secretory
PTPN11,Cytosol
PTPN12,Cytosol
PTPN18,Cytosol
PTPN23,Cytosol
PTPN6,Cytosol
PTPRA,Secretory
PTPRE,Secretory
PTPRF,Secretory
PTPRJ,Secretory
PTPRK,Secretory
PTPRS,Secretory
PTRH1,Nuclear
PTRH2,Secretory
PUF60,Nuclear
PUM2,Nuclear
PURA,Nuclear
PURB,Nuclear
PUS1,Nuclear
PUS10,Nuclear
PUS7,Nuclear
PWP1,Nuclear
PWP2,Nuclear
PXDN,Secretory
PXK,Cytosol
PXN,Cytosol
PYCARD,Cytosol
PYCR1,Mitochondria
PYCR2,Mitochondria
PYGB,Cytosol
PYGL,Cytosol
PYGM,Cytosol
PYGO2,Nuclear
QDPR,Cytosol
QKI,Nuclear
QPRT,Cytosol
QRICH1,Nuclear
QRSL1,Mitochondria
QSOX1,Secretory
QTRT1,Cytosol
RAB10,Secretory
RAB11A,Secretory
RAB11B,Secretory
RAB11FIP1,Secretory
RAB11FIP4,Nuclear
RAB12,Secretory
RAB13,Secretory
RAB14,Secretory
RAB15,Secretory
RAB18,Secretory
RAB1A,Secretory
RAB1B,Secretory
RAB21,Secretory
RAB22A,Secretory
RAB23,Secretory
RAB24,Secretory
RAB25,Secretory
RAB27A,Secretory
RAB27B,Secretory
RAB28,Cytosol
RAB2A,Secretory
RAB2B,Secretory
RAB30,Secretory
RAB31,Secretory
RAB32,Secretory
RAB33B,Secretory
RAB35,Secretory
RAB37,Cytosol
RAB39B,Secretory
RAB3A,Secretory
RAB3D,Secretory
RAB3GAP1,Cytosol
RAB3GAP2,Cytosol
RAB3IL1,Cytosol
RAB3IP,Cytosol
RAB43,Secretory
RAB4A,Secretory
RAB5A,Secretory
RAB5B,Secretory
RAB5C,Secretory
RAB6A,Secretory
RAB6B,Secretory
RAB7A,Secretory
RAB8A,Secretory
RAB8B,Secretory
RAB9A,Secretory
RABAC1,Secretory
RABEP1,Cytosol
RABEP2,Cytosol
RABEPK,Cytosol
RABGAP1,Cytosol
RABGAP1L,Cytosol
RABGGTA,Cytosol
RABGGTB,Cytosol
RABIF,Cytosol
RABL3,Secretory
RAC1,Cytosol
RAD1,Nuclear
RAD21,Nuclear
RAD23A,Cytosol
RAD23B,Cytosol
RAD50,Nuclear
RAD9A,Nuclear
RAF1,Cytosol
RAI1,Nuclear
RAI14,Secretory
RALA,Secretory
RALB,Secretory
RALBP1,Cytosol
RALGAPA1,Cytosol
RALGAPA2,Cytosol
RALGAPB,Cytosol
RALGPS2,Cytosol
RALY,Nuclear
RAN,Cytosol
RANBP1,Cytosol
RANBP10,Cytosol
RANBP2,Nuclear
RANBP3,Nuclear
RANBP6,Mitochondria
RANBP9,Cytosol
RANGAP1,Cytosol
RAP1A,Secretory
RAP1B,Secretory
RAP1GAP,Cytosol
RAP1GDS1,Cytosol
RAP2A,Secretory
RAP2B,Secretory
RAP2C,Secretory
RAPGEF1,Cytosol
RAPGEF2,Cytosol
RAPH1,Cytosol
RARS2,Mitochondria
RASA1,Cytosol
RASA2,Cytosol
RASAL2,Cytosol
RB1,Nuclear
RB1CC1,Cytosol
RBBP4,Nuclear
RBBP5,Nuclear
RBBP6,Nuclear
RBBP7,Nuclear
RBBP9,Cytosol
RBCK1,Cytosol
RBKS,Cytosol
RBM10,Nuclear
RBM12,Nuclear
RBM12B,Nuclear
RBM14,Nuclear
RBM15,Nuclear
RBM15B,Nuclear
RBM17,Nuclear
RBM19,Nuclear
RBM22,Nuclear
RBM25,Nuclear
RBM26,Nuclear
RBM27,Nuclear
RBM28,Nuclear
RBM3,Nuclear
RBM33,Nuclear
RBM38,Cytosol
RBM39,Nuclear
RBM42,Nuclear
RBM45,Nuclear
RBM47,Nuclear
RBM4B,Nuclear
RBM5,Nuclear
RBM6,Nuclear
RBM7,Nuclear
RBMS1,Nuclear
RBMS2,Nuclear
RBMS3,Nuclear
RBMX,Nuclear
RBMX2,Nuclear
RBMXL1,Nuclear
RBP1,Cytosol
RBP7,Cytosol
RBPJ,Nuclear
RBPMS,Cytosol
RBX1,Cytosol
RCC1,Nuclear
RCC2,Nuclear
RCCD1,Cytosol
RCHY1,Cytosol
RCL1,Nuclear
RCN1,Nuclear
RCN2,Secretory
RCOR1,Nuclear
RCOR3,Nuclear
RDH11,Secretory
RDH13,Mitochondria
RDH14,Secretory
RDX,Cytosol
RECQL,Nuclear
RECQL5,Nuclear
REEP5,Secretory
REEP6,Secretory
REL,Cytosol
RELA,Cytosol
RELB,Cytosol
REPIN1,Nuclear
REPS1,Cytosol
REPS2,Cytosol
RER1,Secretory
RERE,Nuclear
RETSAT,Secretory
REXO2,Cytosol
REXO4,Nuclear
RFC1,Nuclear
RFC2,Nuclear
RFC4,Nuclear
RFK,Cytosol
RFTN1,Secretory
RFX1,Nuclear
RFX5,Nuclear
RGL2,Cytosol
RGPD3,Secretory
RGS10,Cytosol
RGS3,Cytosol
RHEB,Cytosol
RHOA,Cytosol
RHOB,Secretory
RHOC,Nuclear
RHOG,Secretory
RHOQ,Secretory
RHOT1,Mitochondria
RHOT2,Mitochondria
RHPN2,Cytosol
RIC8A,Cytosol
RICTOR,Cytosol
RIF1,Nuclear
RILPL1,Cytosol
RIN2,Cytosol
RIN3,Cytosol
RING1,Nuclear
RINT1,Secretory
RIOK1,Cytosol
RIOK2,Cytosol
RIOK3,Cytosol
RIPK1,Cytosol
RIPK2,Cytosol
RIT1,Cytosol
RMND1,Mitochondria
RMND5A,Cytosol
RNASE1,Nuclear
RNASE4,Cytosol
RNASEH2A,Cytosol
RNASEH2B,Nuclear
RNASEH2C,Nuclear
RNASEL,Cytosol
RNASET2,Nuclear
RNF113A,Nuclear
RNF114,Cytosol
RNF123,Cytosol
RNF126,Cytosol
RNF135,Cytosol
RNF14,Cytosol
RNF146,Cytosol
RNF150,Cytosol
RNF169,Nuclear
RNF181,Cytosol
RNF2,Nuclear
RNF20,Nuclear
RNF213,Cytosol
RNF214,Cytosol
RNF220,Nuclear
RNF25,Cytosol
RNF31,Cytosol
RNF40,Nuclear
RNF41,Cytosol
RNF7,Cytosol
RNGTT,Nuclear
RNH1,Cytosol
RNMT,Nuclear
RNPC3,Nuclear
RNPEP,Cytosol
RNPS1,Nuclear
ROCK1,Cytosol
ROCK2,Cytosol
RP2,Secretory
RPA1,Nuclear
RPA2,Nuclear
RPA3,Nuclear
RPAP1,Cytosol
RPAP3,Cytosol
RPE,Cytosol
RPL10,Nuclear
RPL10A,Nuclear
RPL11,Nuclear
RPL12,Nuclear
RPL13,Nuclear
RPL13A,Nuclear
RPL14,Nuclear
RPL15,Nuclear
RPL18,Nuclear
RPL18A,Nuclear
RPL19,Nuclear
RPL21,Nuclear
RPL22,Nuclear
RPL23,Secretory
RPL23A,Nuclear
RPL24,Nuclear
RPL26,Nuclear
RPL26L1,Nuclear
RPL27,Nuclear
RPL27A,Nuclear
RPL28,Nuclear
RPL29,Nuclear
RPL3,Nuclear
RPL30,Nuclear
RPL31,Nuclear
RPL32,Nuclear
RPL34,Nuclear
RPL35,Nuclear
RPL35A,Nuclear
RPL36,Nuclear
RPL36AL,Nuclear
RPL37A,Nuclear
RPL38,Secretory
RPL4,Nuclear
RPL5,Nuclear
RPL6,Nuclear
RPL7,Nuclear
RPL7A,Nuclear
RPL7L1,Nuclear
RPL8,Nuclear
RPL9,Nuclear
RPLP0,Nuclear
RPLP1,Nuclear
RPLP2,Nuclear
RPN1,Secretory
RPN2,Secretory
RPP25,Nuclear
RPP30,Nuclear
RPP38,Nuclear
RPP40,Nuclear
RPRD1A,Nuclear
RPRD1B,Nuclear
RPRD2,Nuclear
RPS10,Nuclear
RPS11,Nuclear
RPS12,Nuclear
RPS13,Nuclear
RPS14,Nuclear
RPS15,Nuclear
RPS15A,Nuclear
RPS16,Nuclear
RPS18,Nuclear
RPS19,Nuclear
RPS2,Nuclear
RPS20,Nuclear
RPS21,Nuclear
RPS23,Nuclear
RPS24,Nuclear
RPS25,Nuclear
RPS26,Nuclear
RPS27,Secretory
RPS27A,Nuclear
RPS27L,Secretory
RPS28,Nuclear
RPS29,Nuclear
RPS3,Nuclear
RPS3A,Nuclear
RPS4X,Nuclear
RPS5,Nuclear
RPS6,Nuclear
RPS6KA1,Cytosol
RPS6KA3,Cytosol
RPS6KA4,Nuclear
RPS6KA5,Nuclear
RPS6KB1,Cytosol
RPS6KB2,Cytosol
RPS6KC1,Cytosol
RPS7,Nuclear
RPS8,Nuclear
RRAGA,Secretory
RRAGD,Cytosol
RRAS,Secretory
RRAS2,Secretory
RRBP1,Secretory
RREB1,Nuclear
RRM1,Cytosol
RRM2,Cytosol
RRM2B,Cytosol
RRP1,Nuclear
RRP12,Nuclear
RRP15,Nuclear
RRP1B,Nuclear
RRP7A,Nuclear
RRP8,Nuclear
RRP9,Nuclear
RRS1,Nuclear
RSBN1,Nuclear
RSBN1L,Nuclear
RSF1,Nuclear
RSL1D1,Nuclear
RSL24D1,Nuclear
RSRC1,Nuclear
RSRC2,Nuclear
RSU1,Cytosol
RTF1,Nuclear
RTKN,Cytosol
RTN1,Secretory
RTN3,Secretory
RTN4,Secretory
RTN4IP1,Mitochondria
RUFY1,Cytosol
RUFY3,Cytosol
RUNDC1,Secretory
RUNX2,Cytosol
RUVBL1,Cytosol
RUVBL2,Cytosol
RWDD1,Cytosol
RXRA,Nuclear
RXRB,Nuclear
RYBP,Nuclear
S100A10,Cytosol
S100A11,Cytosol
S100A13,Cytosol
S100A16,Cytosol
S100A4,Cytosol
S100A6,Cytosol
S100A9,Cytosol
S100P,Cytosol
SACM1L,Secretory
SAE1,Nuclear
SAFB,Nuclear
SAFB2,Nuclear
SAMD1,Nuclear
SAMD9,Cytosol
SAMHD1,Nuclear
SAMM50,Mitochondria
SAP18,Nuclear
SAP30BP,Nuclear
SAP30L,Nuclear
SAR1A,Cytosol
SAR1B,Cytosol
SART1,Nuclear
SART3,Nuclear
SASH1,Cytosol
SBDS,Cytosol
SBNO1,Nuclear
SBNO2,Nuclear
SCAF1,Nuclear
SCAI,Nuclear
SCAMP1,Secretory
SCAMP2,Secretory
SCAMP3,Secretory
SCAMP4,Secretory
SCARB2,Secretory
SCCPDH,Mitochondria
SCFD1,Secretory
SCFD2,Secretory
SCIN,Cytosol
SCLY,Nuclear
SCO1,Mitochondria
SCO2,Mitochondria
SCOC,Cytosol
SCP2,Secretory
SCRIB,Mitochondria
SCRN1,Cytosol
SCRN2,Cytosol
SCRN3,Cytosol
SCUBE2,Secretory
SCYL1,Cytosol
SCYL2,Cytosol
SDAD1,Nuclear
SDC1,Secretory
SDCBP,Cytosol
SDCCAG8,Cytosol
SDF2,Secretory
SDF2L1,Secretory
SDF4,Secretory
SDHA,Mitochondria
SDHB,Mitochondria
SDR39U1,Mitochondria
SDSL,Cytosol
SEC11A,Secretory
SEC13,Cytosol
SEC14L1,Cytosol
SEC14L2,Cytosol
SEC16A,Cytosol
SEC23B,Cytosol
SEC23IP,Cytosol
SEC24A,Cytosol
SEC24B,Cytosol
SEC24C,Cytosol
SEC24D,Cytosol
SEC31A,Cytosol
SEC62,Secretory
SEC63,Secretory
SECISBP2,Nuclear
SECISBP2L,Nuclear
SEL1L,Secretory
SELENBP1,Cytosol
SEMA3C,Secretory
SEMA4B,Secretory
SENP1,Nuclear
SENP3,Nuclear
SEPHS1,Nuclear
SEPHS2,Cytosol
SEPSECS,Cytosol
SERBP1,Nuclear
SERPINB1,Cytosol
SERPINB6,Cytosol
SERPINB8,Cytosol
SERPINB9,Cytosol
SERPINE2,Secretory
SERPINF1,Cytosol
SERPING1,Cytosol
SESTD1,Cytosol
SET,Nuclear
SETD1A,Nuclear
SETD2,Nuclear
SETD3,Cytosol
SETD7,Cytosol
SETDB1,Cytosol
SETMAR,Nuclear
SETX,Nuclear
SF1,Nuclear
SF3A2,Nuclear
SF3A3,Nuclear
SF3B1,Nuclear
SF3B2,Nuclear
SF3B4,Nuclear
SF3B5,Nuclear
SFN,Cytosol
SFPQ,Nuclear
SFXN1,Mitochondria
SFXN2,Mitochondria
SFXN3,Mitochondria
SGPL1,Secretory
SGSM3,Secretory
SGTA,Cytosol
SGTB,Cytosol
SH2B1,Cytosol
SH2D4A,Cytosol
SH3BGRL,Cytosol
SH3BGRL2,Cytosol
SH3BGRL3,Cytosol
SH3BP1,Cytosol
SH3BP4,Secretory
SH3BP5L,Cytosol
SH3D19,Cytosol
SH3GL1,Cytosol
SH3GLB1,Cytosol
SH3GLB2,Cytosol
SH3KBP1,Cytosol
SH3PXD2B,Cytosol
SH3RF1,Cytosol
SHARPIN,Cytosol
SHC1,Cytosol
SHMT1,Cytosol
SHMT2,Mitochondria
SHROOM2,Nuclear
SHROOM3,Nuclear
SIAE,Secretory
SIK3,Cytosol
SIKE1,Cytosol
SIL1,Secretory
SIN3A,Nuclear
SIN3B,Nuclear
SIPA1,Cytosol
SIPA1L1,Secretory
SIPA1L2,Secretory
SIPA1L3,Secretory
SIRPA,Secretory
SIRT1,Nuclear
SIRT2,Cytosol
SIRT3,Mitochondria
SIRT5,Cytosol
SIRT6,Nuclear
SKAP2,Cytosol
SKIV2L,Cytosol
SKP1,Cytosol
SLAIN2,Cytosol
SLC12A2,Secretory
SLC12A7,Secretory
SLC1A4,Secretory
SLC1A5,Secretory
SLC25A1,Mitochondria
SLC25A10,Mitochondria
SLC25A11,Mitochondria
SLC25A12,Mitochondria
SLC25A13,Mitochondria
SLC25A20,Mitochondria
SLC25A22,Mitochondria
SLC25A24,Mitochondria
SLC25A3,Mitochondria
SLC25A4,Mitochondria
SLC25A5,Mitochondria
SLC25A6,Mitochondria
SLC27A1,Secretory
SLC27A2,Secretory
SLC27A3,Secretory
SLC27A4,Secretory
SLC30A1,Secretory
SLC35E1,Secretory
SLC3A2,Secretory
SLC44A1,Secretory
SLC44A2,Secretory
SLC4A1AP,Nuclear
SLC4A7,Secretory
SLC9A3R1,Cytosol
SLC9A3R2,Secretory
SLFN11,Nuclear
SLFN5,Nuclear
SLK,Cytosol
SLMAP,Secretory
SLTM,Nuclear
SLU7,Nuclear
SMAD1,Cytosol
SMAD2,Cytosol
SMAD3,Cytosol
SMAD4,Cytosol
SMAD5,Cytosol
SMAP1,Cytosol
SMAP2,Cytosol
SMARCA1,Nuclear
SMARCA2,Nuclear
SMARCA4,Nuclear
SMARCA5,Nuclear
SMARCAD1,Nuclear
SMARCAL1,Nuclear
SMARCB1,Nuclear
SMARCC1,Nuclear
SMARCC2,Nuclear
SMARCD1,Nuclear
SMARCD2,Nuclear
SMARCE1,Nuclear
SMC1A,Nuclear
SMC2,Cytosol
SMC3,Nuclear
SMC4,Cytosol
SMC5,Nuclear
SMC6,Nuclear
SMCHD1,Nuclear
SMEK1,Nuclear
SMG1,Cytosol
SMG5,Cytosol
SMG7,Cytosol
SMNDC1,Nuclear
SMPD4,Secretory
SMS,Cytosol
SMURF2,Cytosol
SMYD2,Cytosol
SMYD3,Cytosol
SMYD5,Cytosol
SNAP23,Secretory
SNAP29,Cytosol
SNAP47,Secretory
SNAPIN,Cytosol
SND1,Cytosol
SNF8,Cytosol
SNIP1,Nuclear
SNRNP200,Nuclear
SNRNP27,Nuclear
SNRNP40,Nuclear
SNRNP70,Nuclear
SNRPA,Nuclear
SNRPA1,Nuclear
SNRPB,Nuclear
SNRPB2,Nuclear
SNRPC,Nuclear
SNRPD1,Nuclear
SNRPD2,Nuclear
SNRPD3,Nuclear
SNRPE,Nuclear
SNRPF,Nuclear
SNRPG,Nuclear
SNTB2,Mitochondria
SNUPN,Cytosol
SNW1,Nuclear
SNX1,Cytosol
SNX12,Cytosol
SNX15,Cytosol
SNX17,Cytosol
SNX18,Cytosol
SNX2,Cytosol
SNX24,Cytosol
SNX27,Cytosol
SNX29,Cytosol
SNX3,Cytosol
SNX30,Secretory
SNX33,Cytosol
SNX4,Secretory
SNX5,Cytosol
SNX6,Cytosol
SNX8,Cytosol
SNX9,Cytosol
SOAT1,Secretory
SOD1,Cytosol
SOD2,Mitochondria
SON,Nuclear
SORBS1,Cytosol
SORBS3,Cytosol
SORD,Cytosol
SORL1,Secretory
SORT1,Secretory
SOS1,Cytosol
SOS2,Cytosol
SOX9,Nuclear
SP1,Nuclear
SP100,Nuclear
SP110,Nuclear
SP140L,Cytosol
SP3,Nuclear
SPAG1,Cytosol
SPAG7,Nuclear
SPAG9,Cytosol
SPAST,Cytosol
SPATA20,Mitochondria
SPATA5,Cytosol
SPATA5L1,Cytosol
SPATS2,Nuclear
SPATS2L,Nuclear
SPC24,Cytosol
SPCS2,Secretory
SPCS3,Secretory
SPEN,Nuclear
SPG11,Cytosol
SPIN1,Nuclear
SPIN3,Cytosol
SPINT1,Secretory
SPINT2,Secretory
SPON1,Secretory
SPR,Cytosol
SPRYD3,Secretory
SPRYD4,Mitochondria
SPTAN1,Nuclear
SPTBN1,Nuclear
SPTBN2,Nuclear
SPTLC1,Secretory
SPTLC2,Secretory
SQSTM1,Secretory
SRA1,Cytosol
SRBD1,Nuclear
SRC,Secretory
SRCAP,Nuclear
SRCIN1,Secretory
SRGAP1,Cytosol
SRI,Cytosol
SRM,Cytosol
SRP14,Nuclear
SRP19,Cytosol
SRP54,Cytosol
SRP68,Cytosol
SRP72,Cytosol
SRP9,Nuclear
SRPK1,Nuclear
SRPK2,Nuclear
SRPRB,Secretory
SRR,Cytosol
SRRM1,Nuclear
SRRM2,Nuclear
SRRT,Nuclear
SRXN1,Cytosol
SS18L1,Nuclear
SSB,Nuclear
SSBP1,Mitochondria
SSBP3,Nuclear
SSH3,Cytosol
SSNA1,Cytosol
SSR1,Secretory
SSR4,Secretory
SSRP1,Nuclear
SSU72,Cytosol
ST13,Cytosol
ST14,Secretory
STAG1,Nuclear
STAG2,Nuclear
STAM,Cytosol
STAM2,Cytosol
STAMBP,Cytosol
STAP2,Cytosol
STARD10,Cytosol
STARD13,Cytosol
STARD5,Cytosol
STAT1,Cytosol
STAT2,Cytosol
STAT3,Cytosol
STAT5B,Cytosol
STAU1,Nuclear
STAU2,Nuclear
STC2,Secretory
STIM1,Secretory
STIM2,Secretory
STIP1,Cytosol
STK10,Cytosol
STK11IP,Secretory
STK17B,Cytosol
STK24,Cytosol
STK25,Cytosol
STK3,Cytosol
STK38,Cytosol
STK38L,Cytosol
STK39,Cytosol
STK4,Cytosol
STMN1,Cytosol
STMN2,Cytosol
STOM,Secretory
STOML2,Mitochondria
STRADA,Cytosol
STRAP,Cytosol
STRBP,Nuclear
STRN3,Cytosol
STRN4,Cytosol
STT3A,Secretory
STT3B,Secretory
STUB1,Cytosol
STX10,Secretory
STX12,Secretory
STX16,Secretory
STX17,Secretory
STX18,Secretory
STX3,Secretory
STX4,Secretory
STX5,Secretory
STX6,Secretory
STX7,Secretory
STXBP1,Cytosol
STXBP2,Cytosol
STXBP3,Secretory
STXBP4,Cytosol
STXBP5,Cytosol
SUB1,Nuclear
SUCLA2,Mitochondria
SUCLG2,Mitochondria
SUDS3,Nuclear
SUFU,Cytosol
SUGT1,Cytosol
SULF1,Secretory
SULF2,Secretory
SULT1A1,Cytosol
SULT2B1,Cytosol
SUMF1,Nuclear
SUMF2,Nuclear
SUMO1,Nuclear
SUMO3,Nuclear
SUN1,Nuclear
SUN2,Nuclear
SUOX,Nuclear
SUPT16H,Nuclear
SUPT4H1,Nuclear
SUPT5H,Nuclear
SUPT6H,Nuclear
SUPV3L1,Mitochondria
SURF1,Mitochondria
SURF2,Nuclear
SURF4,Secretory
SURF6,Nuclear
SUSD2,Secretory
SUZ12,Nuclear
SVIL,Secretory
SWAP70,Cytosol
SYAP1,Cytosol
SYBU,Mitochondria
SYF2,Nuclear
SYK,Cytosol
SYMPK,Nuclear
SYNCRIP,Nuclear
SYNE2,Nuclear
SYNJ1,Cytosol
SYNJ2,Cytosol
SYNJ2BP,Mitochondria
SYNPO,Secretory
SYNPO2,Nuclear
SYNRG,Cytosol
SYPL1,Secretory
SYTL1,Secretory
SYTL2,Nuclear
SYTL4,Secretory
TAB1,Cytosol
TAB2,Cytosol
TAB3,Cytosol
TACC1,Secretory
TACC2,Cytosol
TACC3,Cytosol
TACO1,Mitochondria
TACSTD2,Secretory
TADA3,Nuclear
TAF1,Nuclear
TAF10,Nuclear
TAF15,Nuclear
TAF2,Nuclear
TAF4,Nuclear
TAF5,Nuclear
TAF5L,Nuclear
TAF6,Nuclear
TAF7,Cytosol
TAF8,Nuclear
TAF9,Cytosol
TAGLN,Cytosol
TAGLN2,Cytosol
TALDO1,Cytosol
TANC1,Cytosol
TANC2,Cytosol
TANK,Cytosol
TAOK1,Cytosol
TAOK2,Secretory
TAOK3,Cytosol
TAP1,Secretory
TAP2,Secretory
TAPBP,Secretory
TARBP1,Cytosol
TARBP2,Nuclear
TARDBP,Nuclear
TARS2,Mitochondria
TATDN1,Cytosol
TATDN3,Cytosol
TAX1BP1,Cytosol
TAX1BP3,Cytosol
TBC1D1,Cytosol
TBC1D10A,Secretory
TBC1D10B,Cytosol
TBC1D13,Cytosol
TBC1D15,Cytosol
TBC1D17,Cytosol
TBC1D2,Cytosol
TBC1D22A,Cytosol
TBC1D22B,Cytosol
TBC1D23,Cytosol
TBC1D24,Cytosol
TBC1D2B,Cytosol
TBC1D4,Cytosol
TBC1D5,Cytosol
TBC1D9,Cytosol
TBC1D9B,Cytosol
TBCA,Cytosol
TBCB,Cytosol
TBCC,Cytosol
TBCD,Cytosol
TBCE,Cytosol
TBCEL,Cytosol
TBCK,Cytosol
TBK1,Cytosol
TBL1X,Nuclear
TBL1XR1,Nuclear
TBL2,Secretory
TBL3,Nuclear
TBRG4,Mitochondria
TBX3,Nuclear
TC2N,Secretory
TCEA1,Nuclear
TCEA2,Nuclear
TCEA3,Nuclear
TCEAL4,Nuclear
TCERG1,Nuclear
TCF12,Nuclear
TCF20,Nuclear
TCF25,Secretory
TCF4,Cytosol
TCIRG1,Secretory
TCOF1,Nuclear
TCP1,Cytosol
TCP11L1,Cytosol
TDP1,Nuclear
TDP2,Nuclear
TDRD3,Nuclear
TDRD7,Cytosol
TDRKH,Mitochondria
TEAD1,Nuclear
TECPR1,Cytosol
TECPR2,Cytosol
TECR,Secretory
TELO2,Cytosol
TEP1,Nuclear
TERF2,Nuclear
TERF2IP,Nuclear
TES,Cytosol
TEX10,Nuclear
TEX264,Secretory
TF,Cytosol
TFAM,Mitochondria
TFAP2A,Nuclear
TFAP2C,Nuclear
TFAP4,Nuclear
TFB1M,Secretory
TFB2M,Mitochondria
TFDP1,Cytosol
TFEB,Cytosol
TFG,Cytosol
TFIP11,Nuclear
TFRC,Secretory
TGFB1,Secretory
TGFBI,Secretory
TGFBRAP1,Cytosol
TGM2,Cytosol
THADA,Cytosol
THBS1,Secretory
THBS4,Cytosol
THEM4,Mitochondria
THG1L,Cytosol
THNSL1,Mitochondria
THOC1,Nuclear
THOC2,Nuclear
THOC3,Cytosol
THOC5,Nuclear
THOC6,Nuclear
THOC7,Nuclear
THOP1,Cytosol
THRAP3,Nuclear
THSD4,Secretory
THTPA,Cytosol
THUMPD1,Nuclear
THUMPD3,Cytosol
THYN1,Nuclear
TIA1,Nuclear
TIFA,Cytosol
TIMM10,Mitochondria
TIMM44,Mitochondria
TIMM50,Mitochondria
TIMM8A,Nuclear
TIMM8B,Nuclear
TIMP2,Secretory
TIPRL,Cytosol
TJAP1,Cytosol
TJP2,Cytosol
TJP3,Cytosol
TK1,Cytosol
TKT,Cytosol
TLE1,Nuclear
TLE2,Cytosol
TLE3,Nuclear
TLE4,Nuclear
TLK1,Nuclear
TLK2,Nuclear
TLN1,Cytosol
TLN2,Cytosol
TM9SF2,Secretory
TM9SF3,Secretory
TM9SF4,Secretory
TMCO4,Cytosol
TMED10,Secretory
TMED2,Secretory
TMED3,Secretory
TMED4,Secretory
TMED5,Secretory
TMED8,Cytosol
TMED9,Secretory
TMEM106B,Secretory
TMEM109,Secretory
TMEM11,Mitochondria
TMEM115,Secretory
TMEM126A,Mitochondria
TMEM132A,Secretory
TMEM214,Secretory
TMEM43,Secretory
TMEM70,Mitochondria
TMEM87A,Secretory
TMF1,Secretory
TMLHE,Mitochondria
TMOD1,Cytosol
TMOD2,Cytosol
TMOD3,Cytosol
TMPO,Nuclear
TMSB10,Cytosol
TMTC3,Secretory
TMX1,Secretory
TMX2,Secretory
TMX3,Secretory
TMX4,Secretory
TNFAIP1,Cytosol
TNFAIP2,Cytosol
TNFAIP8,Cytosol
TNIK,Cytosol
TNIP1,Cytosol
TNIP2,Cytosol
TNKS1BP1,Cytosol
TNPO1,Cytosol
TNPO2,Cytosol
TNPO3,Cytosol
TNRC18,Nuclear
TNRC6B,Cytosol
TNRC6C,Cytosol
TNS3,Cytosol
TOE1,Nuclear
TOLLIP,Cytosol
TOM1,Cytosol
TOM1L1,Cytosol
TOM1L2,Cytosol
TOMM20,Mitochondria
TOMM22,Mitochondria
TOMM34,Cytosol
TOMM40,Mitochondria
TOMM5,Mitochondria
TOMM6,Mitochondria
TOP1,Nuclear
TOP1MT,Secretory
TOP2A,Nuclear
TOP2B,Nuclear
TOP3A,Secretory
TOP3B,Nuclear
TOPBP1,Nuclear
TOR1A,Secretory
TOR1AIP1,Nuclear
TOR1AIP2,Secretory
TOR1B,Secretory
TOR2A,Secretory
TOR3A,Secretory
TOX4,Nuclear
TP53BP1,Nuclear
TP53BP2,Cytosol
TP53I3,Cytosol
TPBG,Secretory
TPD52,Cytosol
TPD52L1,Cytosol
TPI1,Cytosol
TPK1,Cytosol
TPM1,Cytosol
TPM2,Cytosol
TPM3,Cytosol
TPM4,Cytosol
TPMT,Cytosol
TPP1,Secretory
TPPP,Cytosol
TPPP3,Cytosol
TPR,Nuclear
TPRG1L,Secretory
TPRKB,Cytosol
TPRN,Secretory
TPT1,Cytosol
TPX2,Nuclear
TRA2A,Nuclear
TRA2B,Nuclear
TRADD,Cytosol
TRAF2,Cytosol
TRAF3IP1,Cytosol
TRAF4,Cytosol
TRAF5,Cytosol
TRAF6,Cytosol
TRAFD1,Cytosol
TRAP1,Mitochondria
TRAPPC1,Cytosol
TRAPPC10,Cytosol
TRAPPC2L,Cytosol
TRAPPC3,Cytosol
TRAPPC4,Cytosol
TRAPPC5,Cytosol
TRAPPC6A,Cytosol
TRAPPC6B,Cytosol
TRIAP1,Nuclear
TRIM14,Secretory
TRIM16L,Cytosol
TRIM2,Cytosol
TRIM21,Cytosol
TRIM23,Cytosol
TRIM24,Nuclear
TRIM25,Cytosol
TRIM26,Cytosol
TRIM27,Secretory
TRIM28,Nuclear
TRIM3,Cytosol
TRIM33,Nuclear
TRIM4,Secretory
TRIM47,Cytosol
TRIM5,Cytosol
TRIM56,Nuclear
TRIM65,Cytosol
TRIO,Cytosol
TRIOBP,Cytosol
TRIP10,Cytosol
TRIP11,Secretory
TRIP12,Nuclear
TRIP13,Cytosol
TRIP4,Cytosol
TRIP6,Cytosol
TRMT1,Nuclear
TRMT11,Cytosol
TRMT112,Cytosol
TRMT2A,Nuclear
TRMT5,Nuclear
TRMT6,Nuclear
TRMT61A,Nuclear
TRMT61B,Mitochondria
TRMU,Mitochondria
TRNT1,Cytosol
TRO,Nuclear
TRPS1,Nuclear
TRRAP,Nuclear
TRUB1,Nuclear
TRUB2,Secretory
TSC1,Cytosol
TSC2,Cytosol
TSC22D1,Cytosol
TSC22D2,Cytosol
TSC22D3,Cytosol
TSC22D4,Cytosol
TSEN15,Nuclear
TSEN34,Nuclear
TSEN54,Nuclear
TSFM,Mitochondria
TSG101,Cytosol
TSN,Cytosol
TSNAX,Cytosol
TSPAN15,Secretory
TSPYL1,Nuclear
TSPYL5,Nuclear
TSR1,Nuclear
TSR2,Cytosol
TST,Mitochondria
TSTD1,Cytosol
TTC1,Cytosol
TTC17,Secretory
TTC21B,Cytosol
TTC27,Cytosol
TTC28,Cytosol
TTC33,Nuclear
TTC37,Cytosol
TTC38,Cytosol
TTC39A,Cytosol
TTC39B,Cytosol
TTC39C,Cytosol
TTC4,Cytosol
TTC5,Cytosol
TTC7A,Secretory
TTC9,Cytosol
TTC9C,Cytosol
TTF2,Cytosol
TTL,Cytosol
TTLL12,Cytosol
TTPAL,Cytosol
TUBA1C,Cytosol
TUBA4A,Cytosol
TUBB,Cytosol
TUBB1,Cytosol
TUBB2A,Cytosol
TUBB6,Cytosol
TUBG1,Cytosol
TUBGCP2,Cytosol
TUBGCP3,Cytosol
TUBGCP6,Cytosol
TUFM,Mitochondria
TUFT1,Cytosol
TUT1,Nuclear
TWF1,Cytosol
TWF2,Cytosol
TXLNA,Cytosol
TXLNG,Cytosol
TXN,Cytosol
TXN2,Mitochondria
TXNDC12,Nuclear
TXNDC17,Cytosol
TXNDC5,Nuclear
TXNDC9,Cytosol
TXNL1,Cytosol
TXNL4A,Nuclear
TXNRD1,Cytosol
TYK2,Secretory
TYMP,Cytosol
U2AF1,Nuclear
U2AF1L4,Nuclear
UACA,Cytosol
UAP1,Cytosol
UAP1L1,Cytosol
UBA1,Cytosol
UBA2,Nuclear
UBA3,Cytosol
UBA5,Cytosol
UBA6,Cytosol
UBAC1,Cytosol
UBAP1,Cytosol
UBAP2,Cytosol
UBAP2L,Cytosol
UBE2A,Cytosol
UBE2B,Cytosol
UBE2C,Cytosol
UBE2D2,Cytosol
UBE2D3,Cytosol
UBE2D4,Cytosol
UBE2E1,Cytosol
UBE2E3,Cytosol
UBE2F,Cytosol
UBE2G1,Cytosol
UBE2G2,Secretory
UBE2H,Cytosol
UBE2I,Cytosol
UBE2K,Cytosol
UBE2L3,Cytosol
UBE2L6,Cytosol
UBE2M,Cytosol
UBE2N,Cytosol
UBE2O,Cytosol
UBE2Q1,Cytosol
UBE2Q2,Cytosol
UBE2R2,Cytosol
UBE2S,Cytosol
UBE2T,Nuclear
UBE2V2,Cytosol
UBE2Z,Cytosol
UBE3A,Cytosol
UBE3B,Cytosol
UBE3C,Cytosol
UBE4A,Secretory
UBE4B,Cytosol
UBFD1,Cytosol
UBL4A,Cytosol
UBL5,Cytosol
UBL7,Cytosol
UBP1,Cytosol
UBQLN1,Cytosol
UBQLN2,Cytosol
UBQLN4,Cytosol
UBR1,Cytosol
UBR2,Cytosol
UBR3,Cytosol
UBR4,Cytosol
UBR5,Nuclear
UBR7,Nuclear
UBTD2,Secretory
UBTF,Nuclear
UBXN1,Cytosol
UBXN2B,Cytosol
UBXN4,Secretory
UBXN6,Cytosol
UBXN7,Nuclear
UCHL3,Cytosol
UCHL5,Cytosol
UCK1,Cytosol
UCK2,Cytosol
UCKL1,Cytosol
UEVLD,Cytosol
UFC1,Cytosol
UFM1,Cytosol
UFSP2,Secretory
UGDH,Cytosol
UGGT1,Secretory
UGGT2,Secretory
UGP2,Cytosol
UHRF1BP1,Cytosol
UHRF1BP1L,Cytosol
UHRF2,Nuclear
UIMC1,Nuclear
ULK3,Cytosol
UMPS,Cytosol
UNC119,Cytosol
UNC119B,Cytosol
UNC13D,Cytosol
UNC45A,Cytosol
UNG,Nuclear
UPF1,Nuclear
UPF2,Cytosol
UPF3B,Nuclear
UPRT,Cytosol
UQCR10,Mitochondria
UQCRB,Mitochondria
UQCRC1,Mitochondria
UQCRC2,Mitochondria
UQCRFS1,Mitochondria
UQCRH,Mitochondria
UQCRQ,Mitochondria
URB1,Nuclear
URB2,Nuclear
UROD,Cytosol
UROS,Cytosol
USE1,Secretory
USF1,Nuclear
USF2,Nuclear
USO1,Cytosol
USP10,Nuclear
USP11,Nuclear
USP13,Cytosol
USP14,Cytosol
USP15,Cytosol
USP16,Cytosol
USP19,Cytosol
USP22,Nuclear
USP24,Cytosol
USP25,Cytosol
USP28,Nuclear
USP3,Nuclear
USP33,Secretory
USP34,Cytosol
USP36,Nuclear
USP39,Nuclear
USP4,Cytosol
USP40,Cytosol
USP47,Cytosol
USP48,Nuclear
USP5,Cytosol
USP7,Nuclear
USP8,Cytosol
USP9X,Cytosol
UTP14A,Nuclear
UTP14C,Nuclear
UTP15,Nuclear
UTP18,Nuclear
UTP20,Nuclear
UTP23,Nuclear
UTP3,Nuclear
UTP6,Nuclear
UVRAG,Cytosol
VAC14,Cytosol
VAMP3,Secretory
VAMP7,Secretory
VAMP8,Secretory
VAPA,Secretory
VAPB,Secretory
VASN,Secretory
VASP,Cytosol
VAT1,Cytosol
VAV2,Cytosol
VAV3,Cytosol
VBP1,Cytosol
VCL,Cytosol
VCP,Cytosol
VCPIP1,Cytosol
VDAC1,Mitochondria
VDAC2,Mitochondria
VDAC3,Mitochondria
VEZF1,Nuclear
VGLL4,Nuclear
VMAC,Nuclear
VPS11,Cytosol
VPS13A,Secretory
VPS13C,Cytosol
VPS13D,Cytosol
VPS18,Cytosol
VPS25,Cytosol
VPS26A,Cytosol
VPS26B,Cytosol
VPS28,Cytosol
VPS29,Cytosol
VPS33A,Cytosol
VPS33B,Cytosol
VPS35,Cytosol
VPS36,Cytosol
VPS37A,Cytosol
VPS37B,Cytosol
VPS37C,Cytosol
VPS39,Cytosol
VPS4A,Cytosol
VPS4B,Cytosol
VPS52,Cytosol
VPS53,Cytosol
VPS72,Nuclear
VPS8,Cytosol
VRK1,Nuclear
VRK2,Secretory
VTA1,Cytosol
VTI1A,Secretory
VTI1B,Secretory
VWA1,Secretory
WAC,Nuclear
WARS2,Mitochondria
WASF2,Cytosol
WASL,Cytosol
WBP11,Nuclear
WBP2,Cytosol
WBP4,Nuclear
WDFY1,Secretory
WDFY3,Cytosol
WDHD1,Nuclear
WDR1,Cytosol
WDR12,Nuclear
WDR13,Cytosol
WDR18,Nuclear
WDR19,Cytosol
WDR24,Nuclear
WDR26,Cytosol
WDR3,Nuclear
WDR33,Nuclear
WDR35,Cytosol
WDR36,Nuclear
WDR37,Cytosol
WDR4,Nuclear
WDR43,Nuclear
WDR44,Cytosol
WDR45,Cytosol
WDR46,Nuclear
WDR47,Cytosol
WDR5,Nuclear
WDR54,Cytosol
WDR55,Nuclear
WDR59,Cytosol
WDR6,Cytosol
WDR61,Cytosol
WDR7,Cytosol
WDR70,Nuclear
WDR74,Nuclear
WDR75,Nuclear
WDR77,Cytosol
WDR81,Cytosol
WDR82,Nuclear
WDR83,Nuclear
WDR89,Nuclear
WDR91,Cytosol
WDSUB1,Cytosol
WDTC1,Cytosol
WIPF1,Cytosol
WIPF2,Cytosol
WIPI1,Cytosol
WIPI2,Cytosol
WIZ,Nuclear
WNK1,Cytosol
WNK2,Cytosol
WRAP53,Cytosol
WRNIP1,Nuclear
WTAP,Nuclear
WWC1,Cytosol
WWC3,Cytosol
WWOX,Secretory
WWP1,Secretory
WWP2,Secretory
WWTR1,Cytosol
XAB2,Nuclear
XIAP,Cytosol
XPA,Nuclear
XPC,Nuclear
XPNPEP1,Cytosol
XPNPEP3,Mitochondria
XPO1,Cytosol
XPO4,Cytosol
XPO5,Cytosol
XPO6,Cytosol
XPO7,Cytosol
XPOT,Cytosol
XRCC1,Nuclear
XRCC4,Nuclear
XRCC5,Nuclear
XRCC6,Nuclear
XRN2,Nuclear
XYLB,Cytosol
YAP1,Cytosol
YARS2,Mitochondria
YBX1,Nuclear
YBX2,Nuclear
YEATS2,Nuclear
YEATS4,Nuclear
YES1,Secretory
YIPF3,Secretory
YIPF4,Secretory
YKT6,Cytosol
YLPM1,Nuclear
YME1L1,Mitochondria
YPEL5,Cytosol
YRDC,Cytosol
YTHDC1,Nuclear
YTHDC2,Nuclear
YTHDF1,Nuclear
YTHDF2,Cytosol
YTHDF3,Cytosol
YWHAB,Cytosol
YWHAE,Cytosol
YWHAG,Cytosol
YWHAH,Cytosol
YWHAQ,Cytosol
YWHAZ,Cytosol
YY1,Nuclear
YY1AP1,Nuclear
YY2,Nuclear
ZADH2,Mitochondria
ZBED1,Nuclear
ZBTB7A,Nuclear
ZBTB7B,Nuclear
ZC3H10,Nuclear
ZC3H11A,Nuclear
ZC3H12A,Cytosol
ZC3H14,Nuclear
ZC3H15,Nuclear
ZC3H18,Nuclear
ZC3H4,Nuclear
ZC3H6,Nuclear
ZC3H7A,Nuclear
ZC3H7B,Nuclear
ZC3H8,Nuclear
ZC3HAV1,Secretory
ZC3HAV1L,Cytosol
ZC3HC1,Nuclear
ZCCHC17,Nuclear
ZCCHC3,Nuclear
ZCCHC8,Nuclear
ZCRB1,Nuclear
ZDHHC13,Secretory
ZDHHC5,Secretory
ZFAND1,Cytosol
ZFAND2B,Cytosol
ZFAND3,Nuclear
ZFAND6,Cytosol
ZFP36L2,Cytosol
ZFP91,Nuclear
ZFPL1,Secretory
ZFR,Nuclear
ZFYVE1,Cytosol
ZFYVE16,Cytosol
ZFYVE19,Cytosol
ZFYVE21,Cytosol
ZFYVE26,Cytosol
ZGPAT,Nuclear
ZHX1,Nuclear
ZHX2,Nuclear
ZHX3,Nuclear
ZMAT2,Nuclear
ZMIZ1,Nuclear
ZMIZ2,Nuclear
ZMPSTE24,Secretory
ZMYM2,Nuclear
ZMYM3,Nuclear
ZMYM4,Nuclear
ZMYND11,Nuclear
ZMYND8,Nuclear
ZNF12,Nuclear
ZNF121,Cytosol
ZNF143,Nuclear
ZNF146,Nuclear
ZNF148,Nuclear
ZNF185,Nuclear
ZNF207,Nuclear
ZNF217,Nuclear
ZNF24,Nuclear
ZNF28,Nuclear
ZNF280C,Nuclear
ZNF280D,Nuclear
ZNF281,Secretory
ZNF3,Nuclear
ZNF318,Nuclear
ZNF326,Nuclear
ZNF330,Cytosol
ZNF346,Nuclear
ZNF384,Nuclear
ZNF385A,Nuclear
ZNF451,Nuclear
ZNF460,Nuclear
ZNF552,Nuclear
ZNF574,Nuclear
ZNF579,Nuclear
ZNF592,Nuclear
ZNF593,Nuclear
ZNF598,Cytosol
ZNF607,Nuclear
ZNF622,Nuclear
ZNF624,Nuclear
ZNF629,Nuclear
ZNF638,Nuclear
ZNF652,Nuclear
ZNF687,Nuclear
ZNF703,Nuclear
ZNF706,Cytosol
ZNF740,Nuclear
ZNF787,Nuclear
ZNF814,Nuclear
ZNF830,Nuclear
ZNF845,Nuclear
ZNFX1,Cytosol
ZNHIT6,Nuclear
ZNRF2,Cytosol
ZRANB2,Nuclear
ZSCAN18,Nuclear
ZW10,Secretory
ZWILCH,Cytosol
ZYG11B,Cytosol
ZYX,Cytosol
ZZEF1,Cytosol
